Title,Date,URL,Reactions,LikeReactions,PraiseReactions,AppreciationReactions,EmpathyReactions,InterestReactions,EntertainmentReactions,Comments,Clicks,Shares,Impressions,Engagement,Vid. Views,Viewers,Time Watched,Type
"✨ TITAN 2024 Wrapped ✨

What a year it's been.

900+ sites live  

96 million prescriptions processed  

150+ updates rolled out  

200+ 5-star TrustPilot reviews  

Smashed it at the Pharmacy Show  

A genuine thank you to every customer, partner, and member of the Titan team.

Here's to pushing even further in 2025.

👉 titanpmr.com",2024-12-16,,24,,,,,,,5,1144,6,1811,65.1,,,,DOCUMENT
"🚨 Original Pack Dispensing (OPD) — TITAN PMR is ready 🚨

The new OPD legislation is here, and Titan is built to help your pharmacy adapt seamlessly.

What this means for you:

🎯 Accurate labels with barcode scanning

🎯 Reduced split packs

🎯 Regulatory compliance baked-in

🎯 Workflow automation with minimal manual intervention

With Titan's AI-powered checks and barcode validation, you can focus on patient care while staying compliant.

Simplify compliance. Elevate efficiency.

👉 titanpmr.com",2024-12-17,,33,,,,,,,1,86,9,1950,6.6,,,,IMAGE
"Are you sceptical of Titan PMR? 👀

Mustafa was too — until he experienced the difference for himself.

Titan PMR has helped him:

✅ Remove bottlenecks, freeing up valuable time

✅ Virtually eliminate dispensing errors

✅ Work seamlessly from multiple locations

Hearing stories like Mustafa's reminds us why we're committed to reimagining pharmacy systems.

Watch the video to see how Titan PMR can help your pharmacy thrive.

👉 Be part of the transformation — titanpmr.com",2024-12-18,,10,,,,,,,1,70,1,958,8.6,,,,VIDEO
"Another Successful Implementation

It's truly inspiring to see the incredible impact TITAN PMR has made in such a short period of time.

With our new and improved workflows, this pharmacy has seen remarkable gains in safety and efficiency, turning the dispensary into a stress-free zone.

Most importantly, pharmacists are spending significantly less time on routine tasks, allowing them to focus more on delivering vital NHS and private services to the community.

✅ Improved Safety  

✅ Enhanced Efficiencies  

✅ Paperless Operations  

✅ Freedom for Pharmacists  

✅ Stress-Free Dispensary  

We're proud to be part of this journey towards a more streamlined and patient-focused healthcare experience.

Explore more at www.titanpmr.com",2024-12-22,,4,,,,,,,0,25,1,684,4.4,,,,VIDEO
"🎄 Thank You for a Year of Dedication and Care 🎄

As 2024 comes to a close, we want to take a moment to thank everyone in the pharmacy industry for their hard work and dedication this year. Your commitment has made a difference to so many lives, and we're truly grateful to be part of this incredible community. 💙

We encourage everyone to recharge if they can. Let's come back refreshed and ready to make 2025 a year to remember.

From all of us at TITAN, thank you for an amazing year. Wishing you a Merry Christmas and a Happy New Year! 🎁✨",2024-12-23,,22,,,,,,,2,39,4,1043,6.4,,,,IMAGE
"2025, let's go! 🚀 We're feeling refreshed, motivated, and ready to empower UK pharmacies like never before.

2024 was just the start — together, we achieved incredible milestones and overcame big challenges. Now, it's time to aim higher.

This year, we're bringing even smarter tools and harnessing the power of AI to transform pharmacy workflows and drive efficiency like never before.

What's your pharmacy's resolution for 2025? Share it below — we'd love to hear! 💡

👉 Ready to see what's next? Visit titanpmr.com to learn more.",2025-01-06,,24,,,,,,,0,36,2,835,7.4,,,,IMAGE
"Are you looking for a PMR system you can trust with everyday tasks, from dispensing to clinical checks?

TITAN delivers:

✅ Safer, error-free dispensing  

✅ Time-saving, paperless workflows  

✅ Patient-first tools for better outcomes  

Just a few reasons why 200+ pharmacies rate us 5 stars on Trustpilot.

👉 Learn more at titanpmr.com",2025-01-07,,17,,,,,,,0,48,2,922,7.3,,,,VIDEO
"✨ ""So Much More Efficient Than Any Other PMR"" ✨

TITAN PMR has been a game changer for pharmacists like Kieren. Here's what he achieved:

✅ NMS numbers skyrocketed from 30 to 180 per month  

⏱️ Time-saving tools made workflows smarter, not harder  

😊 Happier staff, happier patients, and zero missed prescriptions  

TITAN PMR is transforming pharmacies by streamlining workflows, freeing up valuable time, and reducing admin — so pharmacists can focus on delivering exceptional care.

👉 Book a free demo today: titanpmr.com/join-us",2025-01-08,,12,,,,,,,0,52,3,913,7.3,,,,VIDEO
"Pharmacies are shouldering the weight of NHS demands.

Here's how they're thriving under the pressure.

Pharmacies in the UK are stepping up as GPs face increasing demand. The upside? Every consultation brings extra NHS income for your pharmacy.

But here's the challenge:

Most pharmacy teams are stretched thin managing dispensing and day-to-day operations. To qualify for Pharmacy First consultation payments, you need to handle at least 25 consultations a month.

That's where automation and AI make the difference. Tools like Titan streamline workflows, automate admin tasks, and free up your team to focus on patients.

The results:

• More consultations, more revenue.  

• Faster, smarter patient care.  

• A future-ready pharmacy that thrives under pressure.  

With the right systems, you can meet rising demand, grow private services, and keep your pharmacy running smoothly.

How has your pharmacy handled the shift? Let's discuss in the comments.",2025-01-14,,19,,,,,,,0,49,2,1258,5.6,,,,IMAGE
"3 Automation Tools Increasing Pharmacy Efficiency

Saving time, cutting errors, and focusing on growth.

• Clinical AI – Automates checks and prioritises safety.  

• Automated Collection – 24/7 pick-ups that free up staff.  

• Automated Picking – Speeds up dispensing and stock management.

Which of these tools could your pharmacy benefit from most?",2025-01-15,,21,,,,,,,2,916,3,1767,53.3,,,,DOCUMENT
What's your pharmacy's top priority this year?,2025-01-15,,1,,,,,,,0,44,0,1112,4.0,,,,TEXT
"""It saves the pharmacist so much time. We're now able to offer so many more services that we never provided before!""

Nothing makes us happier than hearing how pharmacists like Jagdeep are gaining back time to focus on what matters most to their pharmacy.

Whether your priority is expanding private services, improving workflow efficiency, reducing dispensing errors, or enhancing patient care, TITAN gives you the time and tools to make it happen.

👉 Find out how TITAN can transform your pharmacy at titanpmr.com",2025-01-16,,15,,,,,,,2,87,1,1409,7.5,,,,VIDEO
"Want to reduce dispensing time?

Simplify your workflow with TITAN Batch—the ultimate tool for fast, efficient prescription processing:

✅ Bulk Dispensing: Process up to 50 prescriptions at once.  

✅ Enhanced Safety: Built-in AI checks to minimise errors.  

✅ Stay Organised: Quickly manage and retrieve medications.  

✅ Focus on Care: Free up time for patients and private services.

See how TITAN Batch can transform your pharmacy:

👉 www.titanpmr.com/batch",2025-01-17,,24,,,,,,,3,67,5,1804,5.5,,,,VIDEO
"AI is allowing pharmacies to focus on growth & care

Here are 5 ways it's improving the way pharmacies work:

• Frees Up Pharmacists

• Reduces Costs

• Streamlines Workflows

• Improves Accuracy

• Elevates Care

➡️ Swipe through for further insights!

#PharmacyAI #PharmacyEfficiency #SmartWorkflows #PharmacyInnovation",2025-01-20,,14,,,,,,,1,899,1,1869,48.9,,,,DOCUMENT
"Pharmacists only need to be involved in 20% of accuracy checks

Freeing up time to focus on NHS priorities and deliver better patient care.

Thank you to Andy for sharing how TITAN AI has transformed his pharmacy's operations. We wish you continued success!

Learn more at titanpmr.com

#PharmacyInnovation #TITANAI #StreamlinedWorkflows #BetterPatientCare #PharmacyUK #Pharmacist #Dispenser",2025-01-21,,14,,,,,,,3,177,1,2179,8.9,,,,VIDEO
"From 30 to 180 NMS consultations per month

That's an extra £3k in revenue every single month

Kieren reported incredible growth at Eason's Pharmacy, Tamworth, after implementing TITAN. 

Now, that's what people like to call a return on investment… 🚀

👉 Learn more at titanpmr.com 

#NMSGrowth #PharmacyROI #PharmacyServices #EfficiencyInPharmacy",2025-01-22,,21,,,,,,,0,36,5,1347,4.6,,,,IMAGE
"Pharmacies prevent up to 500 near misses daily with TITAN PMR!

Here's how:  

✅ Scan with Confidence: Every prescription is accuracy-checked.  

✅ Proactive Alerts: Catch issues before they reach patients.  

✅ Safer, Faster Dispensing: Verify every item with ease.

Streamline workflows, reduce errors, and focus on what matters most—your patients.

👉 Learn more at titanpmr.com

#PharmacyInnovation #NMSGrowth #SafetyInPharmacy #PharmacyTech",2025-01-23,,17,,,,,,,1,344,5,1504,24.4,,,,DOCUMENT
"PMR in Your Pocket 📱

Bring the full power of your pharmacy to mobile devices

🎥 See what you can do with TITAN Mobile

👉 Learn more at titanpmr.com/mobile  

#PharmacyEfficiency #MobilePharmacy #DigitalPharmacy #PatientCareSolutions",2025-01-24,,18,,,,,,,2,99,4,2021,6.1,,,,VIDEO
"Pharmacists can handle up to 50 patients at a time, scaling dispensing seamlessly.

That means more time to focus on what really matters—growing services and delivering exceptional patient care.

Cameron shares how streamlining workflows with TITAN has made scaling up effortless for his pharmacy. Efficiency is up, stress is down, and life is just so much easier!

We're excited to see how these changes keep transforming pharmacy operations and patient care.

Learn more at titanpmr.com

#PharmacyInnovation #PharmacyEfficiency #BetterPatientCare #PharmacyUK #DispensaryTransformation #Pharmacist #Dispenser",2025-01-27,,12,,,,,,,1,102,2,1375,8.5,,,,VIDEO
"📉 73% of people in pharmacy said expanding private services is their top priority this year. 💡

But what's holding you back?

What's holding your pharmacy back from expanding services?",2025-02-04,,1,,,,,,,0,39,2,1105,3.8,,,,TEXT
"Why are pharmacies switching to TITAN PMR?

Hear it straight from them. Real pharmacy owners. Real results.

From smoother workflows to stress-free dispensing, pharmacies see the impact of a modern PMR built for efficiency.

💡 Swipe to see what pharmacists are saying about their experience with Titan.

Learn more at titanpmr.com

#PharmacyInnovation #PharmacyEfficiency #TrustpilotReviews #PharmacyTech",2025-02-04,,16,,,,,,,1,619,3,1321,48.4,,,,DOCUMENT
"🚀 TITAN + NHS Independent Prescribing

Independent Prescribing is the future of pharmacy, and the NHS pilot is making it happen.

✅ The NHS wants all pharmacists to prescribe.

✅ 200 pharmacies are in the pilot.

✅ 40 of them use TITAN!

We've worked with the NHS to ensure seamless compatibility with CLEO Systems, the prescribing system chosen for the trial.

Pharmacists can now prescribe, not just dispense — a game-changer for patient care.

📢 What's next? The NHS will be in touch with pharmacies that signed up for the programme. Stay tuned!

Find this helpful? 👍 Like & 🔄 Repost to share with others!

👉 Learn more at titanpmr.com",2025-02-05,,56,,,,,,,6,3394,9,5440,63.7,,,,DOCUMENT
"AI is Transforming Pharmacy Workflows

Manual processes slow pharmacies down. AI changes that.

AI is already saving pharmacies hours daily, improving efficiency, accuracy, and compliance.

Here's how it transforms workflows:

🧠 AI Clinical Checks – Flags risks early.

⚙️ Automated Workflows – Reduces bottlenecks.

🔄 Prescription Processing – Ensures accuracy.

🔍 Barcode Scans – Verifies prescriptions instantly.

🩺 AI Dosage Correction – Prevents errors, improves care.

The impact on pharmacies:

🚀 Fewer errors, safer care

⏳ 2+ hours saved daily

👩‍⚕️ Freeing up pharmacists for patient care

📋 Stronger compliance and safety standards

📈 Scalable, future-proof technology

Pharmacies are evolving. Titan PMR is leading the shift towards AI-powered workflows.

See how AI is shaping the future of pharmacy: titanpmr.com/ai",2025-02-06,,32,,,,,,,2,73,4,1479,7.5,,,,IMAGE
"Great to see how easily Kanav has been able to scale his pharmacy's services 👏 

💬 ""Since day one, I've had Titan. The way it works lets me focus on delivering more services.""

🚀 Smoother workflows. Less admin. More time for services.

That's what a PMR should do.

🙏 Thank you, Kanav, for sharing your experience!

🔗 See how Titan PMR can help your pharmacy grow: titanpmr.com",2025-02-07,,20,,,,,,,2,94,4,1498,8.0,,,,VIDEO
"Pharmacy teams don't have time for delays. Patients don't want to wait.

With Titan PMR, prescriptions are ready faster, shelves stay stocked, and waiting times drop.

💬 A big thank you to Ash for sharing his experience! Hear how Titan is helping pharmacies work smarter, reduce walk-in delays, and streamline dispensing.

🚀 Less waiting. More doing.

🔗 See how Titan can transform your pharmacy: titanpmr.com",2025-02-10,,11,,,,,,,3,62,4,1056,7.6,,,,VIDEO
"A Proud Moment for Titan PMR – EPS is Now Fully Rolled Out Across Wales

On 17th November 2023, Titan PMR made history.

We became the first PMR to deploy EPS in Wales, with Wellington Road Pharmacy in Rhyl leading the way.

Patients there were the first in Wales to experience a fully digital prescription process.

Now, EPS is fully rolled out across all Titan pharmacies in Wales, marking a major milestone in our mission to transform pharmacy care.

What does this mean for pharmacies?

✅ No more paper prescriptions → Fully digital workflow  

✅ Faster, safer dispensing → Fewer errors, better stock control  

✅ Less admin, more efficiency → Simplified reimbursements and operations  

💬 ""Visiting Wellington Road Pharmacy, I witnessed firsthand the benefits of the Electronic Prescription Service, which allows GPs to send prescriptions securely online to the patient's choice of community pharmacy, eliminating the need for paper forms."" — Eluned Morgan MS

💡 This is just the beginning. At Titan PMR, we're committed to driving the future of pharmacy innovation.

#EPSWales #PharmacyEfficiency #DigitalPharmacy #PharmacyInnovation #BetterPatientCare",2025-02-11,,15,,,,,,,1,267,4,1237,23.2,,,,DOCUMENT
"Pharmacy is moving fast… 

is your PMR keeping up?

• Handling rising demands.  

• Navigating new regulations.  

• Juggling more tasks than ever.

And yet…  

outdated PMRs are still making them wait?

Pharmacists don't have time to slow down their systems.

Technology should keep up. At the very least.

That's why workflows had to evolve.

And why Titan is already ahead.

💡 What's the biggest bottleneck slowing you down?

Let's talk in the comments. 👇

#PharmacyInnovation #PharmacyEfficiency #FutureOfPharmacy #PharmacyBusiness #PMR",2025-02-12,,25,,,,,,,8,172,3,1820,11.4,,,,VIDEO
"Your Pharmacy Isn't Struggling.

Your PMR Is.

Legacy systems create bottlenecks.

Slow workflows.

Limited growth.

👨‍⚕️ Pharmacists aren't the problem. Outdated tech is.

🚨 A PMR should support pharmacy teams—not hold them back.

❌ Slow, rigid systems force teams to work around their software.

❌ Manual admin tasks pull focus from patient care.

❌ No barcode validation leaves safety up to chance.

❌ Lack of visibility wastes time searching for prescriptions.

Pharmacy has evolved. So why haven't PMRs?

💡 Swipe through to see what's holding pharmacy back.

🔍 What's the biggest tech frustration slowing your pharmacy down? Drop it in the comments. 👇

#PharmacyGrowth #PharmacyInnovation #PharmacyEfficiency #PMRTransformation #FutureOfPharmacy",2025-02-14,,31,,,,,,,4,1309,5,2525,53.4,,,,DOCUMENT
"Most PMRs react to change.

The best ones create it.

Pharmacy workflows are evolving fast.

But not every system is keeping up.

Some PMRs set the standard.  
Others scramble to catch up.

Innovators:

• Automate workflows so pharmacists can focus on care.

• Build systems that reduce admin—not add to it.

• Solve inefficiencies before they even become problems.

Imitators:

• React to change years later.

• Patch outdated systems instead of fixing workflows.

• Leave pharmacists working around their tech—not with it.

The real issue isn't just slow systems.

It's PMRs that weren't built for modern pharmacy.

Pharmacies are under more pressure than ever—  
rising demand, tighter regulations, expanding services.

They don't need systems that catch up.  
They need systems that think ahead.

💡 Where does your PMR stand? Let's talk in the comments. 👇

#PharmacyInnovation #PharmacyTech #FutureOfPharmacy #PMR #PharmacyEfficiency",2025-02-17,,19,,,,,,,1,68,3,1210,7.5,,,,IMAGE
"Efficiency from day one. A workflow that just works.

For new pharmacies, the right PMR makes all the difference.

💬 ""𝘍𝘳𝘰𝘮 𝘥𝘢𝘺 𝘰𝘯𝘦, 𝘪𝘧 𝘺𝘰𝘶 𝘩𝘢𝘷𝘦 𝘛𝘪𝘵𝘢𝘯 𝘪𝘯 𝘱𝘭𝘢𝘤𝘦, 𝘺𝘰𝘶 𝘬𝘯𝘰𝘸 𝘺𝘰𝘶'𝘭𝘭 𝘩𝘢𝘷𝘦 𝘨𝘰𝘰𝘥 𝘦𝘧𝘧𝘪𝘤𝘪𝘦𝘯𝘤𝘺.""

With Titan PMR, workflows stay organised, dispensing is streamlined, and pharmacy teams can focus on what matters most…

patient care.

🚀 Less admin. More efficiency. Better patient experience.

🙏 Thank you, Kanav, for sharing your experience!

🔗 See how Titan PMR can help your pharmacy grow: titanpmr.com

#PharmacyEfficiency #PharmacyInnovation #TitanPMR #SmarterWorkflows",2025-02-18,,19,,,,,,,1,61,2,1184,7.0,,,,VIDEO
"Some PMRs still brag about printing prescriptions automatically.

That's like celebrating fax machines in 2025.

Pharmacy has evolved. Legacy PMRs haven't.

Still dealing with:

• Stacks of printed tokens flying everywhere.

• Manual checks slowing down every step.

• No real tracking—just chaos.

This isn't about a minor update.

It's about taking control with a fully digital approach.

🚀 See how modern PMRs should work: titanpmr.com 

#PharmacyInnovation #PharmacyEfficiency #FutureOfPharmacy #PMRTransformation #PharmacyBusiness",2025-02-19,,19,,,,,,,4,94,5,1377,8.9,,,,VIDEO
"Pharmacists step back. Dispensers step up.

Faz & Nav share how TITAN streamlines dispensing so pharmacists only step in when needed.

✅ Batch & Repeat Flow—bulk dispensing, made effortless.  

✅ Paperless audit trail—always know where prescriptions are.  

✅ Pharmacists free to focus on patient care & services.

👏 Thank you Faz & Nav for the great demonstration!

💬 Would workflow automation free up your team?  

🔗 See how pharmacies are scaling up smarter: titanpmr.com  

#PharmacyEfficiency #PharmacyWorkflow #BetterPatientCare #Automation #PharmacyTech",2025-02-20,,17,,,,,,,0,64,4,1094,7.8,,,,VIDEO
"Pharmacy has transformed in the last five years.

And yet, many PMRs are still playing catch-up.

New pressures.  
New regulations.  
New technology.

But has pharmacy tech evolved fast enough to keep up?

📅 Swipe to see how workflows have changed—  
and where PMRs stand today. 👇

💡 What's been the biggest shift in your day-to-day pharmacy work? Drop it in the comments. 👇

#PharmacyInnovation #PharmacyAutomation #FutureOfPharmacy #PharmacyBusiness #PMR",2025-02-24,,17,,,,,,,1,745,1,1372,55.7,,,,DOCUMENT
"Pharmacists don't have time to search for misfiled prescriptions.

With Titan PMR, everything is scanned, stored, and instantly accessible—no more flicking through stacks of paper.

💬 A huge thank you to Cameron for sharing his experience.

• Prescriptions are always where they need to be.  

• Batch numbers and expiry dates—accurate, automated, and reliable.  

• Less paperwork, fewer mistakes, faster workflows.

🚀 Pharmacies are evolving. Are you ready to go paperless?

🔗 See how Titan is transforming pharmacy workflows: titanpmr.com

#PaperlessPharmacy #PharmacyEfficiency #PharmacyInnovation #TitanPMR",2025-02-25,,9,,,,,,,0,35,1,530,8.5,,,,VIDEO
"Pharmacy didn't need another PMR.

It needed a new way of working.

For years, legacy systems forced pharmacies to work around outdated tech.

Titan flipped the script.

Before Titan:  
• Automatic printing buried pharmacies in paper.  
• Pharmacists manually checked every prescription.  
• No barcode validation meant errors slipped through.  
• Dispensers wasted time searching for missing items.  

Now? Hundreds of pharmacies run on Titan.

✅ Paperless workflows: Prescriptions stay digital.  
✅ AI checks: Running 40+ clinical safety checks to flag risks early.  
✅ Barcode validation: No errors, just accuracy.  
✅ Real-time tracking: Instant visibility, no searching.  

And it's working.

📈 Over 70% of surveyed pharmacies actively recommend Titan to others.  
⭐ Pharmacies switching to Titan report smoother workflows from day one.  
🚀 Dispensers and pharmacists say Titan is the most efficient PMR they've used.  

Other PMRs are just now catching up.

Titan set the standard years ago.

💡 What's one outdated pharmacy process you'd love to see disappear?  
Drop it in the comments. 👇

#PharmacyInnovation #PMR #PharmacyTech #FutureOfPharmacy #PharmacyEfficiency",2025-02-26,,38,,,,,,,9,167,4,2339,9.3,,,,IMAGE
"Wishing You a Blessed Ramadan 

As Ramadan begins, we recognise the dedication of pharmacy teams supporting their communities and our team members observing this holy month. 

From dispensing medications to fasting patients,
to working long shifts while practising their faith,
pharmacy professionals continue to provide vital care. 

🌙 Ramadan Mubarak from all of us at Titan PMR. 

#RamadanMubarak 
#CommunityPharmacy 
#PharmacyCare 
#PharmacySupport",2025-02-28,,21,,,,,,,3,117,4,627,23.1,,,,DOCUMENT
"Pharmacies are under pressure.

More demands. Tighter regulations. Less time.

It feels like they're always on the back foot.

The last thing they need is:
Click here. Check there.
Wait. Load.
Error. Repeat.

Every unnecessary step is time lost.

Time that could be spent offering services, delivering care, and making a real difference.

Pharmacy is changing. Workflows need to change too.

That is what The Titan Way is all about. It is not just keeping up with change. It is leading it.

• Automate repetitive tasks to reduce admin overload.
• Streamline workflows for faster, simpler processes.
• Free up pharmacists to focus on services and patient care, not admin.
• Leverage AI to handle bottlenecks and ensure smooth operations.

Pharmacy is moving forward. Why stay stuck in the past?

💡 What's one process in your pharmacy that could be smoother? 

Drop it in the comments.

#PharmacyInnovation #SmarterWorkflows #PharmacyEfficiency #FutureOfPharmacy",2025-03-03,,13,,,,,,,2,23,1,846,4.6,,,,IMAGE
"Amazing to hear how Kanav is transforming his day-to-day workflow 👏

💬 ""I'm only doing my clinical checks—my team handles the rest. I finally have time for all our services.""

🚀 More time in the consultation room. Less time stuck on admin.

That's what a PMR should do.

🙏 Thank you, Kanav, for sharing your experience!

🔗 See how Titan PMR can help your pharmacy grow: titanpmr.com

#PharmacyInnovation #PharmacyEfficiency #TitanPMR #SmarterWorkflows",2025-03-04,,7,,,,,,,,34,1,804,5.2,449,,6510,VIDEO
"Your pharmacy's biggest blind spots might be hiding in plain sight. 𝘍𝘰𝘳 𝘦𝘹𝘢𝘮𝘱𝘭𝘦:

The Electronic Prescription Service (EPS) is now an industry standard.

It transformed prescription management, saving time and reducing errors.

But before it existed, people didn't know any different.

We accepted the inefficiencies as just part of the job.

At Titan, we see things differently.

We're not just fixing what's broken. We're redefining it.

That's The Titan Way.

Imagine this:
• Fewer steps. Faster workflows. Simple, effective processes.
• Smarter automation. Improved efficiency. Technology that actually helps.
• Freeing up the pharmacist. More time for patient care and services.
• More time for growth. Expand services. Lead the way forward.

Pharmacy is moving forward.

With The Titan Way, you can set the pace.

Ready to see how technology can work for you? 

📅 Book a demo today: https://lnkd.in/eNm_xybR

#PharmacyInnovation #PharmacyEfficiency #FutureOfPharmacy #TheTitanWay",2025-03-05,,12,,,,,,,2,53,1,957,7.1,374,,4584,VIDEO
"Want to be part of the TITAN pharmacy movement?

Now's your chance.

The TITAN Merch Store is here.

Even better—100% of proceeds go directly to Action For Humanity - International.

Check out the merch:
👕 Hoodies, t-shirts, and hats
🧦 Cosy socks to keep you warm
☕ Mugs to brighten up your coffee breaks

And the impact?
✅ Provide emergency relief where it's needed most
✅ Support education & healthcare for vulnerable communities
✅ Drive sustainable development for long-term impact

This is more than just merch. It's a movement.

Wear TITAN. Stand for something bigger.

👉 shop.titanpmr.com 

#SupportActionForHumanity #EveryPurchaseMatters #PharmacyForGood #MakeADifferenceToday",2025-03-06,,31,,,,,,,2,1097,7,1615,70.4,,,,DOCUMENT
"🚨 URGENT: Independent Pharmacies Are at Risk 🚨

More closures are coming. Unless we take action now!

MPs need to hear directly from you about the funding crisis threatening independent pharmacies. Every email sent increases pressure on Parliament to act.

Follow these 3 simple steps to make them listen:

🛑 Step 1: Find Your MP
📍 Use this link: https://lnkd.in/dc3W6aS

✉️ Step 2: Send an Email
📩 Use our template (see comments) or write your own

📧 Step 3: CC IPCN & Key MPs
Make sure to CC IPCN: office@ipcn.org.uk

Also, CC the following key MPs:
📌 Wes Streeting (Health Secretary): dhsc.publicenquiries@dhsc.gov.uk
📌 Rachel Reeves (Chancellor): public.enquiries@hmtreasury.gov.uk
📌 Keir Starmer (Prime Minister): keir.starmer.mp@parliament.uk

🚨 This is urgent. Every email counts. 

Find your MP, send your email and share this with other pharmacy owners.

Let's push for change!

#PharmacyCrisis #SaveCommunityPharmacy #PharmacyFunding #IndependentPharmacy #PharmacyAdvocacy",2025-03-07,,18,,,,,,,2,658,6,1460,46.8,,,,DOCUMENT
"Supporting Communities, One Hoodie at a Time

Did you know buying a hoodie could change lives?

With our TITAN merch, it really does.

Every purchase, whether it's a hoodie, t-shirt, hat, socks, or even a mug, sends 100% of proceeds to Action For Humanity - International.

We are talking about real impact:

• Providing emergency relief where it is needed most
• Supporting education for children in crisis zones
• Delivering essential healthcare to vulnerable communities
• Driving sustainable development projects for lasting change

When you wear TITAN, you are not just showing your support.

You are making an impact that reaches far beyond the pharmacy.

Shop now and help us support communities around the world.

👉 shop.titanpmr.com 

#SupportActionForHumanity #EveryPurchaseMatters #PharmacyForGood #MakeADifferenceToday",2025-03-10,,15,,,,,,,,42,4,721,8.5,310,,4225,VIDEO
"How do you really feel about your PMR?

Is it helping, or just adding to the pressure?

When your day is stacked with patient care, admin tasks, and regulatory demands,

Does your PMR make things easier — or just get in the way?

Every pharmacist starts with a mission:
To make a difference.
To provide care.
To be a trusted figure in their community.

But along the way, challenges arise.

Long hours. Endless admin.
Systems that feel like obstacles instead of allies.

It's easy to lose sight of your purpose when your tools aren't built to support you.

What if your PMR didn't just keep up — but helped you get ahead?

What if, instead of managing workflows, it cleared the path for you to do what you do best?

That is The Titan Way:
• Continuous innovation to see issues others can't
• Future-proof tech that adapts as your pharmacy grows
• Efficiency at its core to give you back valuable time
• Unmatched adaptability to make every workflow smoother

Imagine a day where your PMR doesn't just support your work — it empowers it.

💡 What would a PMR that genuinely supports you feel like?

We're listening. 👇

#PharmacyInnovation #PharmacyAutomation #FutureOfPharmacy #PharmacyBusiness #PMR",2025-03-11,,7,,,,,,,,8,1,322,5,,,,IMAGE
"First look at the new TITAN merch out in the wild.

The team at The Local Pharmacy – Skegby Branch – are among the first to get their hands on the new hoodies.

Safe to say, they're keeping warm and backing a good cause.

100% of proceeds go to Action For Humanity - International, supporting emergency relief, education, healthcare, and sustainable development projects.

More than merch. Real impact.

Shop now: shop.titanpmr.com 

#SupportActionForHumanity #EveryPurchaseMatters #PharmacyForGood #MakeADifferenceToday",2025-03-12,,35,,,,,,,7,190,6,1933,12.3,1421,,24206,VIDEO
"💬 ""𝘔𝘰𝘳𝘦 𝘵𝘪𝘮𝘦 𝘧𝘰𝘳 𝘗𝘩𝘢𝘳𝘮𝘢𝘤𝘺 𝘍𝘪𝘳𝘴𝘵 𝘢𝘯𝘥 𝘱𝘳𝘪𝘷𝘢𝘵𝘦 𝘴𝘦𝘳𝘷𝘪𝘤𝘦𝘴.""

🚀 A workflow that actually works for pharmacy teams.

With services expanding, pharmacists need time to focus on care—not admin.
Titan PMR helps make that a reality.

This is The TITAN Way:
✅ Fewer steps. Faster workflows. Simple, effective processes.
✅ Smarter automation. Improved efficiency. Technology that actually helps.
✅ Frees up pharmacists to focus on patients and services.
✅ More time to grow, lead, and transform community pharmacy.

🙏 Huge thanks to Anup for sharing his experience—and for officially joining the Titan team (hoodie and all).

🔗 Book a demo & see why pharmacies are making the switch: titanpmr.com/join-us

#TheTITANWay #PharmacyInnovation #PharmacyEfficiency #FutureOfPharmacy #SmarterWorkflows",2025-03-13,,26,,,,,,,2,75,2,796,13.2,406,,5986,VIDEO
"Does growth feel exciting… 

or just overwhelming?

Your pharmacy is busier than ever.

📈 More prescriptions. More patients. More services.
💬 More admin. More expectations. More pressure.

Growth should feel like momentum, not a mountain to climb.

But when your PMR holds you back instead of driving you forward, it's easy to feel stuck.

What if your system didn't just help you keep up. But helped you get ahead?

That's The Titan Way.

✅ Fewer steps. Faster workflows.
✅ Smarter automation. Improved efficiency.
✅ Freeing up pharmacists.
✅ More time for growth.

Your pharmacy is evolving. Your PMR should too.

💡 What's the biggest sign your pharmacy is ready for more? Let's talk. 👇

#TheTitanWay #PharmacyInnovation #FutureOfPharmacy #PharmacyAutomation #PMR",2025-03-17,,8,,,,,,,,342,4,856,41.4,,,,DOCUMENT
"💬 ""We had no paper prescriptions today at all… completely paperless.""

Amazing to hear how Elias is using Titan to move towards a smarter, streamlined pharmacy.

✅ Dispensing without constant pharmacist intervention
✅ Digital, trackable, and clutter-free
✅ A team empowered to do more

That's what a PMR should do.

🙏 Thank you, Elias, for sharing your experience!

🔗 See how Titan PMR can help your pharmacy grow: titanpmr.com

#PharmacyInnovation #PharmacyEfficiency #TitanPMR #SmarterWorkflows #PaperlessPharmacy",2025-03-19,,8,,,,,,,2,40,3,771,6.9,438,,4210,VIDEO
"With every TITAN purchase, you are helping change lives.

You are making an impact that goes far beyond the pharmacy.

100% of proceeds support Action For Humanity - International vital programs.

Your support contributes to real, measurable change:

• Emergency relief where it is needed most
• Education for children in crisis zones
• Critical healthcare for vulnerable communities
• Sustainable development projects for long-term impact

This is more than merch. It is a way to give back.

Shop now and make a difference: shop.titanpmr.com

Every purchase helps change lives.

#SupportActionForHumanity #EveryPurchaseMatters #PharmacyForGood #MakeADifferenceToday",2025-03-20,,17,,,,,,,,220,5,357,67.8,,,,DOCUMENT
"Titan is built to take pressure off pharmacy teams.

So they can focus on what matters.

From digital-first dispensing to AI-powered checks, every workflow is designed to reduce admin, protect clinical time, and bring clarity to the way your team works.

Smarter systems.
Real growth.
No added pressure.

If you're ready to rethink what your PMR can do,
book a demo at titanpmr.com/join-us

#PharmacyInnovation #TheTitanWay #PharmacyTech #PharmacyEfficiency #FutureOfPharmacy",2025-03-25,,15,,,,,,,6,34,2,2213,2.7,550,,5202,VIDEO
"Outdated pharmacy workflows are slowing everything down.

And your PMR isn't helping.

Balancing services, admin, and endless clinical checks is tough—so what if your PMR did more of the heavy lifting?

That's exactly what we built.

✨💊 The Titan Way is a smarter, digital-first approach to modern pharmacy.

✅ AI-powered clinical checks — so pharmacists only step in when they need to.
📦 Smart prescription board — automatically prioritises what's most urgent.
🧾 No paper, no chaos — digital-first dispensing from start to finish.
📱 Frictionless collection — patients get an SMS and their prescription is ready.

Less admin. More control.
More time for care and services.

🎥 Watch how workflows should really work.

🔗 Book a demo: titanpmr.com/join-us 

#PharmacyInnovation #TheTitanWay #PharmacyAutomation #PMR #FutureOfPharmacy #PharmacyEfficiency",2025-03-27,,24,,,,,,,7,115,8,6080,2.5,1539,,19464,
"💬 ""I probably spend, at most, 20 minutes in the dispensary…
It's been a game-changer for me.""

With Titan, Ishpal's team handles the workflow — so he can focus on services, patients, and clinical care.

✅ Less time on dispensing
✅ More time where it counts
✅ A team that runs like clockwork

When the system works with you, everything changes.

🙏 Huge thanks to Ishpal for sharing how Titan is transforming his day-to-day.

🔗 Discover the Titan Way: titanpmr.com

#TheTitanWay #PharmacyEfficiency #SmarterWorkflows #PharmacyInnovation #PMR",2025-03-29,,9,,,,,,,1,22,2,266,12.8,196,,2328,VIDEO
"Have a Blessed Eid

As Ramadan comes to an end, we want to recognise the dedication of pharmacy teams who continue to serve their communities—while observing and celebrating this special time.

From all of us at Titan PMR, Eid Mubarak.

🌙 May this Eid bring peace, joy, and moments of reflection with loved ones.

#EidMubarak #CommunityPharmacy #PharmacyCare #TheTitanWay #PharmacySupport",2025-03-30,,24,,,,,,,2,64,1,298,30.5,,,,DOCUMENT
"POV: It's day one.

Gonna be chaos, right?

🧠 Ian was. www.titanpmr.com

#TheTitanWay #PharmacyLife #PharmacyEfficiency #PMR #PharmacyInnovation #DigitalPharmacy #WorkflowMatters #SmarterWorkflows #PharmacyFirst #ClinicalPharmacy #NMSReady",2025-04-01,,,,,,,,,,,,,,,,,DOCUMENT
"Day one: positive, easy, and reassured.

Maria left knowing everything was accurate.

🙏 Thank you, Maria, for sharing your experience.
🔗 See how your pharmacy could feel with Titan PMR: titanpmr.com

#TheTitanWay #PharmacyVoices #SmarterWorkflows #DigitalPharmacy #PharmacyCare #PMRThatDelivers #PharmacyInspiration",2025-04-02,,6,,,,,,,,12,1,208,9.1,184,,2088,VIDEO
"Only 20% of the day in the dispensary.

The rest? With patients — not buried in clinical checks.

Smarter systems mean less admin and more care.

👉 titanpmr.com/ai

#TheTitanWay #PharmacyEfficiency #SmarterWorkflows #DigitalPharmacy #PharmacyInnovation #PMR",2025-04-03,,19,,,,,,,1,52,4,2030,4.5,502,,5148,VIDEO
"More patients. More prescriptions. More services.

But how do you grow without adding more stress?

👉 Automation.

Modern PMR systems are transforming the pharmacy:
✅ Automating clinical checks
✅ Streamlining labelling
✅ Simplifying stock management

That means:
📉 Less time stuck in the dispensary
📈 More time for flu jabs, NMS, earwax consultations — and actual patient care.

Makes you wonder how we ever did it the old way.

🔗 titanpmr.com

#PharmacyAutomation #TheTitanWay #DigitalPharmacy #SmarterWorkflows #PharmacyEfficiency #PharmacyGrowth #PMRThatDelivers #PharmacyLeadership #BurnoutToBalance",2025-04-04,,5,,,,,,,,18,1,249,9.6,179,,2952,VIDEO
"Every review is a reminder of why we built Titan.

To support the people who make pharmacy work.

👉 Book a demo: titanpmr.com/join-us

#TheTitanWay #PharmacyVoices #TrustedByPharmacists #PMRThatDelivers #PharmacyInnovation #PharmacyLife #SmarterWorkflows #DigitalPharmacy",2025-04-08,,12,,,,,,,,20,3,326,10.7,199,,1836,VIDEO
"If you want your pharmacy to grow, you can't rely on old systems.

You need a workflow that's fast, digital, and built to handle today's pressure.

Because the truth is — the problem isn't your team.
It's the tools they're stuck using.

Outdated PMRs slow everything down:
• Endless paper
• Manual checks
• Missed scripts
• Delays, backlogs, burnout

Modern pharmacy needs modern automation.

That's why we rebuilt the pharmacy workflow from the ground up —
And in this post, we're breaking down exactly how it works.

👇 Swipe through to see what smarter, safer dispensing really looks like.

🧠 AI safety checks
📲 Digital-first workflow
✅ Zero searching
📦 Effortless collection

No paper. No panic. No wasted time.
This is The Titan Way.

#PharmacyLeadership #PharmacyAutomation #TheTitanWay #DigitalPharmacy #SmarterWorkflows #PMRThatDelivers #PharmacyGrowth #FutureOfPharmacy",2025-04-09,,21,,,,,,,,689,2,711,100.1,,,,DOCUMENT
"Switching PMR systems can feel daunting

Until it actually makes your pharmacy run better

Charlotte and the team made the move to Titan and immediately felt the difference
✅ Faster dispensing
✅ Smoother patient collections
✅ More time freed up across the team

""It's just quicker. Easier. More efficient""
""Would we go back? No thank you""

This is what a modern PMR system should feel like
This is what pharmacy automation looks like in practice

👇 Hear it directly from the team who made the switch

#PMRThatDelivers #PharmacyWorkflow #DigitalPharmacy #PharmacyAutomation #CommunityPharmacy #TheTitanWay #PharmacyEfficiency #PharmacyLeadership #PharmacyTestimonial #PharmacySoftware #TimeSavingPharmacy",2025-04-10,,10,,,,,,,,25,3,749,5.1,368,,4500,VIDEO
"❗Mistakes are part of human nature.

So, how do we reduce the risk? 🤔

We train our teams to double-check.
Triple-check.
Stay alert at every step.

But constant vigilance isn't sustainable — it leads to exhaustion, not excellence.

We often say:
""Be careful.""
""Double-check everything.""
""Don't miss a thing.""

But here's the real question:
Why are we still designing systems that assume people won't make mistakes?

The safest workflows don't rely on perfect memory or superhuman focus.
They're built to catch errors automatically.

🧾 Every label
💊 Every item
📄 Every prescription

500 near misses prevented every single day
Not by luck — by design.

Because true safety doesn't come from trying harder.
It comes from building better systems.

🗣️ Let's move the industry forward
Share your thoughts in the comments
Tag a pharmacy leader who needs to see this
Or pass it on to your team

#PharmacySafety #TheTitanWay #DigitalPharmacy #PharmacyAutomation #SmarterWorkflows #PMRThatDelivers #PatientSafety #PharmacyLeadership",2025-04-15,,7,,,,,,,,11,1,536,3.5,,,,IMAGE
"🎮 Pick your player.

Stronger together. Unstoppable on a digital-first platform.

🧠 Superpower: Multitasking
🔋 Battery life: 16hr shift capable
☕ Comes with coffee (obviously)

👇 Swipe to meet the crew

#PharmacyLife #PickYourPlayer #PharmacyHumour #DispenserEnergy",2025-04-16,,25,,,,,,,6,3857,4,4287,90.8,,,,DOCUMENT
"💬 ""I did 50 flu jabs — and there were no baskets waiting after.""

That was Ian's 𝘧𝘪𝘳𝘴𝘵 𝘥𝘢𝘺 on Titan.

No backlog.
Less double-checking.
More time for patients.

Thanks for sharing, Ian 👏

Want to feel the difference?
👉 Book a demo: titanpmr.com/join-us

#TheTITANWay #PharmacyEfficiency #PatientCare #PharmacyAutomation #DigitalPharmacy",2025-04-17,,7,,,,,,,,14,2,681,3.4,310,,3708,VIDEO
"🔐 3 Automation Secrets for Smoother Pharmacy Workflows

Dispensary delays. Staff burnout. Backlogs that never end.

Pharmacies across the UK are scaling services — 𝘢𝘯𝘥 𝘴𝘵𝘢𝘺𝘪𝘯𝘨 𝘴𝘢𝘯𝘦 —
by automating the right things.

Here's how Titan is helping them move faster and work smarter 👇

✅ 𝗧𝗶𝘁𝗮𝗻 𝗔𝗜
Flags issues, adjusts dosages, and keeps prescriptions clinically safe — instantly.

✅ 𝗧𝗶𝘁𝗮𝗻 𝗥𝗲𝗽𝗲𝗮𝘁
Automates repeat reminders so scripts are always ready, right on time.

✅ 𝗧𝗶𝘁𝗮𝗻 𝗠𝗼𝗯𝗶𝗹𝗲
Tracks collections digitally — no guessing, no paper, no chaos.

No bottlenecks.
No backlogs.
Just smooth, scalable dispensing.

Automation isn't coming. It's already here.
Is your pharmacy ready to lead?

👉 titanpmr.com

#TheTITANWay #PharmacyAutomation #SmarterDispensing #PharmacyEfficiency #DigitalPharmacy",2025-04-18,,11,,,,,,,1,481,3,1055,47.0,,,,DOCUMENT
"Maybe all you need is a faster, more streamlined workflow.

Here's what that looks like in practice:

💬 ""It empowers the dispenser staff.""
💬 ""Prescriptions are ready faster.""
💬 ""We've actually got time to do services.""

Real reactions from pharmacy teams — on Day One with Titan.

📽 Watch the difference it makes.

#DispensaryWorkflow #PharmacyEfficiency #SmarterDispensing #DigitalPharmacy #PharmacyLeadership #TheTitanWay",2025-04-22,,8,,,,,,,,17,1,2339,1.6,318,,3816,VIDEO
"📅 What's Changing in the Pharmacy Contract — And When

From fee uplifts to service requirements, the next 12 months are a big shift for community pharmacy.

✅ SAF rises to £1.46
✅ Monthly banded payments begin
✅ ABPM + contraception targets introduced
✅ Depression added to NMS
✅ EHC joins the contraception service
✅ PQS claim window + payments confirmed

We've broken it all down — month by month — in a clear, no-fluff carousel.

Whether you're running one branch or twenty, this is the timeline to watch.

🗂️ Based on the latest updates from Community Pharmacy England and Department of Health and Social Care.

📢 Want to stay ahead?
Save this. Share it. Talk to your team.

#CommunityPharmacy #PharmacyFirst #PharmacyLeadership #ContractChanges #SmarterWorkflows #DigitalPharmacy #Pharmacy2025 #PQS #NMS #ABPM #PharmacyFunding #PharmacyUpdate",2025-04-23,,42,,,,,,,7,3723,6,3905,96.7,,,,DOCUMENT
"Baskets down. Auto-print defeated.

✨ A new era begins — and it's paperless.

Welcome to pharmacy that flows.

📖 Want to see what the new wave really looks like? Start here: bit.ly/3GkQNAi

#TheTitanWay #PharmacyVoices #DigitalFirst #CalmCare #SmarterWorkflows #PharmacyInnovation",2025-04-24,,14,,,,,,,,72,2,910,9.7,,,,IMAGE
"Buried in PMR stats and not sure what matters?

Here's how smart pharmacies cut through the noise.

Read the full blog 👉 bit.ly/44E9WqS

#PharmacyWorkflow #PMRSystem #DigitalPharmacy #PharmacyTechnology #PharmacyEfficiency",2025-04-25,,9,,,,,,,1,329,2,874,39.0,,,,DOCUMENT
"💬 ""𝘐𝘵'𝘴 𝘣𝘳𝘪𝘭𝘭𝘪𝘢𝘯𝘵. 𝘐𝘵'𝘴 𝘱𝘢𝘱𝘦𝘳𝘭𝘦𝘴𝘴. 𝘐𝘵'𝘴 𝘢𝘶𝘵𝘰𝘮𝘢𝘵𝘦𝘥.""

Alta from Alpharm Chemist shares why switching to Titan just made sense — from remote access to simpler clinical checks.

Thinking of moving PMRs?
👉 titanpmr.com/join-us

#PharmacyWorkflow #DigitalPharmacy #PMRSystem #SmartPharmacy #TheTitanWay",2025-04-26,,10,,,,,,,,30,2,820,5.1,312,,3816,VIDEO
"The future called — they want their automated AI clinical checks back. 😎

Read more about why AI is critical to the future of community pharmacy → https://bit.ly/4lXbzq3

#PharmacyAI #SmartPharmacy #PharmacyWorkflow #DigitalPharmacy #TheTitanWay",2025-04-29,,25,,,,,,,4,60,2,1450,6.3,,,,IMAGE
"🧑‍💻 Can you spot them?

While everyone else drowns in PMR data, they've already cut through the noise.

Here's how smart pharmacy teams are staying focused → bit.ly/44E9WqS

#DigitalPharmacy #PMRSystem #PharmacyWorkflow #SmartPharmacy #TheTitanWay",2025-04-30,,11,,,,,,,,34,3,1015,4.7,,,,IMAGE
"🎉 10 million items in a single month! What's that?

You read that right.

In April, pharmacies using TITAN achieved a record-breaking milestone:
📦 10 million dispensing items processed in just 30 days.

A testament to how efficient workflows and smart technology can meet the ever-growing demands of independent pharmacy.

👏 Incredible work, everyone.

📝 Read the full breakdown → https://bit.ly/4iSTsyQ

#TitanPMR #CommunityPharmacy #PharmacyInnovation #WorkflowEfficiency #DigitalHealth",2025-05-02,,35,,,,,,,8,56,5,1746,6.0,,,,IMAGE
"💬 ""𝘐𝘵'𝘴 𝘷𝘦𝘳𝘺 𝘨𝘰𝘰𝘥. 𝘐𝘵'𝘭𝘭 𝘮𝘢𝘬𝘦 𝘵𝘩𝘪𝘯𝘨𝘴 𝘢 𝘭𝘰𝘵 𝘦𝘢𝘴𝘪𝘦𝘳.""

Speed up dispensing by streamlining picking, labelling, and packaging:

✅ Faster workflows
✅ Fewer errors
✅ Smarter bulk processing

🔗 See how Titan Batch transforms high-volume dispensing: titanpmr.com/batch

#PharmacyEfficiency #TitanPMR #SmarterWorkflows #DispensaryWorkflow #CommunityPharmacy",2025-05-03,,14,,,,,,,1,57,2,1156,6.4,558,,8856,VIDEO
"This is what a modern pharmacy workflow looks like.

(And yes — it's powered by AI.)

✅ 40-point clinical checks
✅ Automated task management
✅ Pharmacists free to focus on care

Want to see how AI is transforming pharmacy? → https://bit.ly/4lXbzq3

#PharmacyAI #DigitalPharmacy #PharmacyWorkflow #SmartPharmacy #TheTitanWay",2025-05-06,,9,,,,,,,,14,1,501,4.8,,,,IMAGE
"Turns out you can dispense at scale without the panic.

👉 https://bit.ly/4iSTsyQ

#PharmacyEfficiency #PharmacyLife #HealthTech #DigitalPharmacy #TitanPMR",2025-05-07,,12,,,,,,,,23,1,2584,1.5,311,,3276,VIDEO
"Pharmacy workflows are under pressure.

Manual tasks. Disconnected systems. Time lost.

That's why we've been working with Meditech UK & I — to connect robot automation with digital PMR workflows.

This week, our teams met at Brighton Hill Pharmacy, where Sagar Lungiwala hosted us for a live look at the integration in action 👀

The result?
➖ Less friction
⚡ More speed
✅ Safer, smarter dispensing

Every second saved means more time for patients.
And that's what this collaboration is all about.

Want to see what efficiency at scale really looks like?

Read how pharmacies using TITAN dispensed 10 million items — without the chaos: https://bit.ly/4iSTsyQ

#PharmacyInnovation #Automation #PMR #TitanPMR #Meditech #PharmacyEfficiency #Collaboration",2025-05-09,,19,,,,,,,2,33,1,839,6.6,,,,IMAGE
"💬 ""𝘞𝘦 𝘤𝘢𝘯 𝘢𝘭𝘳𝘦𝘢𝘥𝘺 𝘴𝘦𝘦 𝘩𝘰𝘸 𝘪𝘵'𝘴 𝘨𝘰𝘪𝘯𝘨 𝘵𝘰 𝘴𝘢𝘷𝘦 𝘶𝘴 𝘢𝘯 𝘪𝘮𝘮𝘦𝘯𝘴𝘦 𝘢𝘮𝘰𝘶𝘯𝘵 𝘰𝘧 𝘵𝘪𝘮𝘦.""

A lot of processes. Not enough time.

Titan helps teams move faster and focus on what matters:

✅ Get compliance done without the stress
✅ Prep prescriptions quicker, keep patients happy
✅ Free up time for services and staff training
✅ Grow your business without burning out

This is the future of working in pharmacy.

🔗 Ready to join the shift? titanpmr.com/join-us

#TheTITANWay #PharmacyEfficiency #SmarterWorkflows #PharmacyInnovation #CommunityPharmacy",2025-05-10,,6,,,,,,,,19,1,428,6.1,138,,1908,VIDEO
"Can pharmacists prescribe antibiotics?

33,000 people ask Google that every month.

And it's just one of many high-volume pharmacy questions we found in the data — alongside searches like ""𝘗𝘩𝘢𝘳𝘮𝘢𝘤𝘺 𝘯𝘦𝘢𝘳 𝘮𝘦"" (1.2M/month) and ""𝘗𝘩𝘢𝘳𝘮𝘢𝘤𝘺 𝘍𝘪𝘳𝘴𝘵"" (27K/month).

Using real search data, we explored:
🔎 What pharmacy questions people actually type
🤯 Where awareness is still surprisingly low
💡 What pharmacy owners can do to show up better

Search is evolving. But some fundamentals haven't changed:
If people can't see your value — they won't come to you.

👇 Swipe through for the insights.

#CommunityPharmacy #PharmacyFirst #SearchTrends #DigitalPharmacy #TitanPMR",2025-05-13,,8,,,,,,,,432,1,920,47.9,,,,DOCUMENT
"Pharmacy First: £17 per Consultation. New Rules Incoming.

Is Your PMR Ready?

Pharmacy First has scaled fast —
✔ Nearly 5 million consultations delivered
✔ 96% of pharmacies enrolled

But now, the pressure's on.

💷 Fees are up to £17 per consultation

📅 From June 1st:
• £500 for 20–29 consultations/month
• £1,000 for 30+
𝘖𝘯𝘭𝘺 𝘪𝘧 𝘺𝘰𝘶 𝘢𝘭𝘴𝘰 𝘥𝘦𝘭𝘪𝘷𝘦𝘳 𝘏𝘺𝘱𝘦𝘳𝘵𝘦𝘯𝘴𝘪𝘰𝘯 𝘊𝘢𝘴𝘦 𝘍𝘪𝘯𝘥𝘪𝘯𝘨 & 𝘊𝘰𝘯𝘵𝘳𝘢𝘤𝘦𝘱𝘵𝘪𝘰𝘯 𝘚𝘦𝘳𝘷𝘪𝘤𝘦𝘴

📉 Monthly caps are now live — and they're based on your previous delivery.

Pharmacy First is transforming access:
✔ Patients are satisfied
✔ Care is reaching deprived communities
✔ GPs could be freed from up to 40 million appointments a year

But many pharmacies are struggling to keep pace:
🚧 GP referral inconsistency
🚧 Smaller teams under pressure
🚧 PMR systems not built for this scale

𝗧𝗜𝗧𝗔𝗡 𝗣𝗠𝗥 𝗳𝗿𝗲𝗲𝘀 𝘆𝗼𝘂𝗿 𝘁𝗲𝗮𝗺 𝘁𝗼:
• Handle rising consultation volumes with ease
• Integrate and manage all bundled services in one place
• Stay on top of thresholds and funding opportunities
• Cut down admin and boost service capacity
• Confidently scale to meet the demands of Pharmacy First

Ready to simplify Pharmacy First and secure your funding?
👉 Book a quick demo to see how TITAN PMR can help: titanpmr.com/join-us

#PharmacyFirst #CommunityPharmacy #TITANPMR #HealthTech #PMR #PrimaryCare #WorkflowEfficiency",2025-05-14,,13,,,,,,,,43,2,1302,4.5,,,,IMAGE
"When the public still needs you… for paracetamol.

Meanwhile, you're delivering NHS services, clinical checks, contraception consultations — and managing AI-powered PMR systems.

It's 2025. Pharmacies aren't shops. They're fully digital care hubs.

👇 Next time someone says ""just sticking labels,"" send them this: https://bit.ly/4jU4Yep

#PharmacyRealityCheck #PharmacyFirst #DigitalPharmacy #SmartPharmacy #TheTitanWay",2025-05-15,,9,,,,,,,,23,1,764,4.3,,,,IMAGE
"15 years on ProScript. 💊

That's how long Lauren and the team had been doing things the same way.

So switching to a new PMR system?
Big deal. Especially in the busiest site yet — 25,000+ items a month.

So what happened?
The team didn't ease in. They got straight on with it. Full hands-on use of Titan from day one.

And that turned out to be a good thing.

""It actually made them more confident."" — Yusuf Abdulali Head of Pharmacy, BMP Healthcare Group

So what's changed?

""I'm seeing less work coming my way — and more time for services."" — Anoop, pharmacist and multi-site operator

""It frees up a lot of time. And the accuracy is there too."" — Lauren

Would they recommend it?
Already are. And eight sites in, they've still got three to go.
📍 8/11 live
✅ Titan all the way through

Titan all the way through.
And yes — they like the hoodies too.

#TheTitanWay #PharmacyFirst #TitanPMR #DigitalPharmacy #PharmacyLeadership #WorkflowThatWorks #BMPHealthcare #PMRTransformation #CommunityPharmacy #PharmacyServices",2025-05-16,,25,,,,,,,2,1188,3,2196,55.5,,,,DOCUMENT
"Working in pharmacy? Then you've definitely heard one of these.

Probably this week. Possibly this morning.

We're still being told:

• ""You just count pills""
• ""Why does it take more than 2 minutes?""
• ""Aren't you basically a shop?""

And that's in 2025.

Meanwhile, community pharmacies are:

• Delivering NHS-funded services
• Managing long-term conditions
• Keeping people 𝘰𝘶𝘵 of GP waiting rooms

This carousel breaks down 7 of the most common myths pharmacy teams still hear — with the replies they 𝘸𝘪𝘴𝘩 they could give.

💊 If you've worked behind the counter, you'll feel this
🧠 If you haven't, it's time to rethink what pharmacy is

👇 Slide through — and share the worst myth 𝘺𝘰𝘶'𝘷𝘦 heard in the comments
📖 Want the full breakdown? https://bit.ly/4jU4Yep

#Pharmacy #Pharmacist #NHS #PrimaryCare #PharmacyTeam #HealthTech #TitanPMR",2025-05-20,,12,,,,,,,1,2293,3,2118,109.0,,,,DOCUMENT
"Submitting claims takes time.

In some systems, too much of it.

That's why Titan streamlined the process.

No batching. No scanning. No drama.

Just a streamlined claim process that gives time back — day after day.

Time for services. For patients. For the things that matter.

That's pharmacy efficiency.
That's The Titan Way.

learn more → bit.ly/3GkQNAi

#PharmacyEfficiency #DigitalPharmacy #TheTitanWay #WorkflowWithoutTheWork #CommunityPharmacy",2025-05-21,,12,,,,,,,,17,2,3751,1.0,320,,3096,VIDEO
"📟 Still using this?

Then your PMR belongs in a museum.

Pharmacy has changed. So have the demands.

Paper is slow. Switching between systems wastes time. Printing clogs the workflow.
These aren't small inconveniences. They're structural problems.

Modern pharmacy runs differently.
It's paperless. Streamlined. One system. One source of truth.
With real-time visibility. With Kanban-style clarity. With space to think.

If your PMR can't support that,
it's no longer fit for purpose.

📖 Read more about how the digital-first pharmacy really works
Learn more → bit.ly/3GkQNAi

#PharmacyLeadership #DigitalPharmacy #PaperlessPharmacy #TitanPMR #WorkflowEfficiency #TheTitanWay",2025-05-22,,11,,,,,,,,55,1,800,8.4,,,,IMAGE
"📉 55% fewer missed repeat prescriptions

Repeat prescriptions matter.

For continuity. For outcomes. For business.

But in most pharmacies, tracking them is manual.
Unclear instructions, delays, and admin overhead all get in the way.

That's where AI makes the difference.

In UK community pharmacy settings, AI has led to a 55% reduction in missed repeats — by automating clarity, flagging risks, and supporting patient follow-up.
Source: UK AI and Automation in Pharmacy Report, 2025

It's not about replacing the team.
It's about giving them better tools.

📖 Learn how Titan AI supports smarter, safer dispensing
👉 https://bit.ly/4lXbzq3

#PharmacyAI #CommunityPharmacy #TitanAI #PharmacyLeadership #TheTitanWay",2025-05-23,,15,,,,,,,,12,2,786,3.7,,,,IMAGE
"🚨 Pharmacies ranked #1 for healthcare access.

Meanwhile?

GPs were 640% more likely to be called ""hard to reach.""

New YouGov data confirms what pharmacy teams already know: They show up — when others can't.

Let's break it down:

• Just 5% said pharmacies were hard to access

• For GPs? 37% — the worst of any setting

• Pharmacies ranked #1 overall — ahead of GPs, dentists, A&E and hospitals

• And when patients couldn't get a GP appointment, most said it harmed their health

Despite rising pressure, pharmacies stayed open, trusted, and accessible. And the public noticed:

• 77% would be concerned if their pharmacy closed

• 65% said pharmacies are personally important

• Most now want pharmacies to do even more clinical care

📌 Pharmacies aren't a fallback. They're the front door to the NHS.

If you believe that too — share this.

#CommunityPharmacy #PharmacyFirst #PrimaryCare #NHS #HealthcareAccess #TitanPMR #ThankYouPharmacy",2025-05-27,,17,,,,,,,1,51,8,1407,5.5,,,,IMAGE
"What if your PMR could automate the dispensing queue. Safely?

No chaos. No overthinking.

Just fast, accurate prescriptions with minimal input.

That's what Titan AI delivers.
And yes - it takes under a minute to set up.

👇 Here's how it works:

🧠 Learns your clinical logic
🎯 Works in full or partial automation
🚶 Step away - it runs securely
🔍 Full audit trail of every action
🔁 Repeat whenever you're ready

Already live across real UK pharmacies.
📍 No training. No chaos. Just time back.

👉 See Titan AI in action: titanpmr.com/ai

#TitanPMR #PharmacyAutomation #AIinPharmacy #DigitalPharmacy #CommunityPharmacy",2025-05-28,,8,,,,,,,2,334,2,692,50.0,,,,DOCUMENT
"TITAN Presents: The Barcoder

With great tech… comes great pharmacy. 💥

👩‍⚕️ Who are these heroes?
𝘛𝘩𝘦 𝘉𝘢𝘳𝘤𝘰𝘥𝘦𝘳 – Champion of safe, barcode-verified dispensing
𝘚𝘤𝘢𝘯𝘎𝘦𝘯𝘪𝘶𝘴 – Master of fast, flawless prescription collection
𝘊𝘢𝘱𝘵𝘢𝘪𝘯 𝘊𝘰𝘮𝘱𝘭𝘪𝘢𝘯𝘤𝘦 – Defender of digital clinical checks

🚀 What's their mission?
To eliminate paper chaos.
To free up pharmacists.
To make pharmacy faster, safer, and smarter.

💡 Powered by TITAN's tech:
✔️ AI-driven clinical checks
✔️ Barcode-verified workflows
✔️ Paperless prescription journeys

📦 Pharmacy, levelled up.

#GreatTechGreatPharmacy #TITANPMR #PharmacyHeroes #HealthTech #DigitalDispensing #PharmacyInnovation #NHSPharmacyFirst",2025-05-29,,15,,,,,,,1,23,2,632,6.5,,,,IMAGE
"""We don't miss the old PMR.""

That's what Sharne told us on her first day with Titan.

Wellesbourne Pharmacy had just switched from Cegedim.

What stood out immediately?

✅ Safer checks with Titan AI
✅ Speed from Quick Packaging and Quick Check
✅ A team that felt clear, capable and in control

Naz from Titan was on site. The new workflow just made sense.

Amanda put it simply:
""𝘐 𝘭𝘰𝘷𝘦 𝘪𝘵. 𝘛𝘩𝘦 𝘵𝘳𝘢𝘪𝘯𝘪𝘯𝘨 𝘸𝘢𝘴 𝘦𝘹𝘤𝘦𝘭𝘭𝘦𝘯𝘵.""

Real team. Real feedback.
All from day one.

#PharmacyFirst #PharmacyLife #TitanPMR #CommunityPharmacy #PMRswitch #WorkflowMatters #PharmacyTech",2025-06-03,,15,,,,,,,3,983,3,1605,62.6,,,,DOCUMENT
"Some pharmacies might walk away from Pharmacy First

And it's not hard to see why

New rules mean if you don't hit 𝘦𝘷𝘦𝘳𝘺 target, you lose up to £1,000/month

That includes:
✔ Minor illness consultations
✔ Contraception services
✔ Hypertension checks
⚠️ And soon: 1 ABPM per month

The problem?
Only 30% of pharmacies currently meet the full bundle
ABPM is slow, low demand, and hard to convert in a walk-in model
Miss it—and you lose everything

No flexibility
No partial credit
No margin for real-world pharmacy

This is how NHS dentistry broke
And pharmacy could be next

With pressures this high, more owners are asking:
Should we be focusing on private services instead?

What needs to change before October?
The targets? The model? Or the direction altogether?

Add your voice to the conversation below

#PharmacyFirst #CommunityPharmacy #PharmacyFunding #ABPM #PharmacyServices #PharmacyPressure #FutureOfPharmacy #TitanPMR",2025-06-04,,18,,,,,,,4,2846,1,3195,89.8,,,,DOCUMENT
"👽 PAPER HAS BEEN ABDUCTED.

A mysterious light appeared over the pharmacy last night…

Prescriptions vanished.

Printers went silent.

No one has seen a token since.

Coincidence?

Or the rise of something smarter?

🛸 Leave paper behind.
The future of pharmacy is faster, safer, and entirely digital, and TITAN is already there.

💡 Explore the shift:
📖 Why the Paper Prescription Is Officially Dead
👉 https://bit.ly/4mJq0yl

#PharmacyAliens #PaperlessPharmacy #TITANPMR #DigitalDispensing #NHSPharmacy #HealthTech #FutureOfPharmacy #GreatTechGreatPharmacy",2025-06-05,,25,,,,,,,,24,3,954,5.5,,,,IMAGE
"Eid al-Adha Mubarak from all of us at Titan

To every pharmacy team who continues to serve while observing this sacred time, thank you.

Your dedication means everything.
🌙 May this Eid bring peace, purpose, and time with loved ones.

#EidAlAdha #EidMubarak #CommunityPharmacy #PharmacySupport #TheTitanWay",2025-06-06,,18,,,,,,,,11,2,581,5.3,,,,IMAGE
"POV: You've just opened another email from a surgery.

Now what?

Forward it? Chase it? Screenshot it and hope someone else picks it up?

Titan Mail helps pharmacy teams keep track — without the chaos.

It links emails directly to patients and tasks. So you know who's doing what. And nothing gets missed.

Here's how we've set it up 👇

#PharmacyWorkflow #TitanMail #DigitalPharmacy #PharmacyComms #PMRsystem",2025-06-10,,11,,,,,,,1,522,2,1117,48.0,,,,DOCUMENT
"2 days on Titan. No stress. No regrets.

Ivan from Rexall Chemist didn't hesitate when asked if she missed the old PMR system:

""No. I'm quite happy with Titan.""

Faster dispensing. Full visibility on owings.
Less pressure on the pharmacist.
And a workflow that actually flows.

🎥 Watch what changed in just 48 hours.

#PharmacyFirst #TitanPMR #PharmacyWorkflow #PharmacyTech #PMRSystem #PharmacyInnovation #DigitalPharmacy #AIinPharmacy",2025-06-11,,12,,,,,,,1,31,5,833,5.9,362,,4860,VIDEO
"Pharmacy, but smarter.

It's simple, really

One clean flow.
No delays. No paper. No stress.

📖 Read more about why the paper prescription is officially dead
👉 https://bit.ly/4mJq0yl

#TitanPMR #DigitalPharmacy #PharmacyWorkflow #AIinPharmacy #ModernPMR #DispenserFirst #CommunityPharmacy #HealthTech #PharmacyFirst",2025-06-12,,33,,,,,,,,169,2,6491,3.1,,,,IMAGE
"Pharmacists aren't robots.

But their systems still expect them to work like one.

🧠 87% are at risk of burnout
💬 70% say understaffing affects their mental health
⏳ 47% don't even get proper breaks

This isn't just a staffing problem
It's a system problem - and it's costing everyone

Read how automation gives pharmacists their time back
👉 https://bit.ly/3FBQgKp

#PharmacyLeadership #PharmacyBurnout #DigitalDispensing #PMR #CommunityPharmacy",2025-06-13,,9,,,,,,,,17,,606,4.3,,,,IMAGE
"Pharmacies are losing up to 3 hours a day ⏱️

And it's not because of the team.

We've spoken to pharmacists and dispensers in 2,000-item independents and 15,000+ item sites.

The same patterns keep showing up:
🔁 Chasing
🔍 Rechecking
🗣️ Handover confusion

Every day ends the same way:
""Where did the time go?""

This isn't about working harder.

It's about what your system is doing quietly in the background — or what it's not.

If your PMR isn't saving you time…
…it might be the one stealing it.

#CommunityPharmacy #PharmacyWorkflow #UKPharmacy #PharmacistLife #DispensaryDesign #PMRSystems #PharmacyInnovation #PrimaryCare #NHSPharmacy",2025-06-17,,14,,,,,,,1,1000,1,1529,66.4,,,,DOCUMENT
"Pharmacy's future isn't about dispensing.

It's about stepping into the clinical frontline 🩺

And patients are already on board.

📊 A 2024 NHS survey found pharmacists are one of the most trusted healthcare professionals in the UK.

But you can't deliver clinical care if you're buried in admin.
Not with a PMR that makes you do everything twice.
Not with systems that interrupt you 50 times a day.

To make this shift work, we need to fix three things:
⚙️ Workflow
💸 Reimbursement
📋 Regulation

Automation plays a critical role. Not to replace pharmacists, but to reclaim human time and free up headspace for clinical care.

Step out of survival mode.
Step into something better.
👉 Read how: https://bit.ly/3FBQgKp

#CommunityPharmacy #PharmacyWorkflow #PharmacyFirst #ClinicalPharmacist #UKPharmacy #PharmacyInnovation #PrimaryCare #NHSPharmacy",2025-06-18,,10,,,,,,,1,19,2,598,5.4,,,,IMAGE
"🗣️ ""It's good. It's different. It's quicker.""

That's what one dispenser said while batching 11 baskets in one go.

In most pharmacies, repeat dispensing means:
📞 Interruptions
🧩 Missing items
🔁 Repeating the same task

Titan Batch flips that.
✅ Auto-sorts items
✅ One-click batches
✅ Smooth handovers

Less chaos. More control.

👉 https://lnkd.in/dkbT9UbE

#PharmacyWorkflow #RepeatDispensing #PMRSystems #TitanBatch #CommunityPharmacy #PharmacyInnovation #PharmacyTech",2025-06-19,,10,,,,,,,,45,3,1322,4.4,621,,9468,VIDEO
"🚨 Nearly half of pharmacies haven't submitted their Data Security Toolkit.

⏳ Deadline: 30 June 2025

📉 Miss it, and your governance rating will be flagged as ""Inadequate.""

Why it matters:
✅ Required for NHS funding
✅ Needed for new pharmacy services
❌ Mandatory under the NHS contract

Even if you submitted last year, you must resubmit.

🧠 Get guidance here → bit.ly/44hlbUC

#CommunityPharmacy #PharmacyGovernance #NHSPharmacy #UKPharmacy #PrimaryCare #PharmacySupport #PharmacyLeadership #PharmacyCompliance",2025-06-20,,14,,,,,,,,648,2,1332,49.8,,,,DOCUMENT
"Most pharmacies lose time ⏱️

Andy's lost 50 staff hours a week

""We're doing a 10,000-item pharmacy and didn't hit a road bump. It literally went as smooth as it ever has done."" ✅

The difference?

🛠️ ""The introduction of Batch Flow has made a huge difference.""

👤 ""You can dispense a couple of hundred items with one member of staff in a morning.""

🛒 ""Learning to use Titan is like learning to use a Sainsbury's self-checkout.""

Prep well. Train smart. Let Titan do the rest 🚀

🔗 Learn more about Titan Batch at titanpmr.com/batch

#TitanPMR #TitanBatch #PharmacyWorkflow #BatchDispensing #PharmacyTech #DigitalPharmacy #PMRSystem #CommunityPharmacy",2025-06-24,,15,,,,,,,3,48,2,1058,6.4,386,,8604,VIDEO
"Real pharmacies. Real reviews.

More branches. Less stress. Faster launches.

💬 ""Training left us fully confident.""
💬 ""Fridge log and AI are game-changers.""
💬 ""Support has been faultless.""

268 reviews and counting ⭐⭐⭐⭐⭐

📲 Book a demo at titanpmr.com

#TitanPMR #PharmacyTech #DigitalPharmacy #CommunityPharmacy #PMRSystem #PharmacyWorkflow #PharmacyInnovation #Trustpilot",2025-06-25,,9,,,,,,,,436,2,736,60.7,,,,DOCUMENT
"Your team when scripts go up 30%

and the PMR still hasn't evolved since 2005.

📦 ""This is fine.""
📦 ""This is fine.""
📦 ""This is—"" (cue meltdown)

More items shouldn't mean more panic.
Fix the workflow. Free your team.
🔗 bit.ly/3FBQgKp

#PharmacyProblems #PMRChaos #TitanPMR #SmartPharmacy #CommunityPharmacy",2025-06-26,,7,,,,,,,2,31,1,948,4.3,,,,IMAGE
"Scale your pharmacy, not your stress.

🧠 Without Titan, scaling means:
• Excessive pharmacist intervention
• Error-prone processes & manual repeat handling
• Clunky workflows & a paper-heavy system

Resulting in: More scripts → stress, errors, and team burnout.

⚡ With Titan, you unlock:
• AI checks & error-free dispensing
• Streamlined operations & revolutionised repeat ordering
• A fully paperless environment

Resulting in: Smart workflows → your current team handles more scripts with ease and less chaos.

Scaling dispensing shouldn't feel like survival mode.

Here's how smart pharmacies are scaling calmly: 🔗 bit.ly/3FBQgKp

#PharmacyWorkflow #ScaleSmarter #PharmacyAutomation #TitanPMR #PharmacyFirst",2025-06-27,,21,,,,,,,1,29,2,72479,0.1,,,,IMAGE
"The UK's most efficient pharmacies aren't working harder.

They're working smarter.

From public data and user reports, we identified 4 habits they share:

✅ Digital-first workflows
✅ AI-powered safety checks
✅ Real-time patient engagement
✅ Data-led decision-making

The impact?

🕒 65% faster prescription filling
🧠 98% fewer errors
💬 60% more time for consultations

No chaos. No burnout. Just pharmacy done right.

📊 Swipe to see the data
📖 Then read how automation gives pharmacists their time back: bit.ly/3FBQgKp

#pharmacy #communitypharmacy #digitalhealth #pharmacytech #PMR #TitanPMR",2025-07-01,,18,,,,,,,2,949,3,1491,65.2,,,,DOCUMENT
"5 years ago, Prabjaudt was ready to leave pharmacy.

Now he runs 16,000 items a month.

No overtime. No burnout.

His pharmacy flows. His team stays calm.  
And it's not because he got lucky.  
It's because he built differently.

👇 What would make your pharmacy feel calmer to run?

📖 Read the full case study: bit.ly/40r6NI4

#PharmacyLeadership #TitanPMR #PharmacyWorkflow #DigitalPharmacy #CommunityPharmacy #AIinPharmacy #PharmacyFirst #ModernPMR",2025-07-02,,105,,,,,,,13,716,6,6727,0.0,,,,VIDEO
"The weekend that's shifting UK pharmacy.

Here's where the future starts.

See it all at The Pharmacy Show.

New services. Smarter funding. AI-led workflows.  
This is where pharmacy moves forward.

We'll be at Stand D55  
☕ Official Café Sponsor  
💡 Live demos  
📈 Real results from real teams

📅 12–13 October | NEC Birmingham  
🆓 Register for your free pass: lnkd.in/eetNBPpF

#PharmacyShow2025 #TitanPMR #PharmacyFirst #DigitalPharmacy #CommunityPharmacy #PharmacyInnovation",2025-07-03,,30,,,,,,,0,111,5,1581,9.2,,,,IMAGE
"""Reform or die.""

That's the warning behind the NHS 10-year plan.

A total reset, built on prevention, digital tools, and community-first care.

Pharmacy isn't an add-on anymore.  
We're at the heart of it.

But we've heard this before.  
Big plans. Bigger expectations.  
Not always the support to match.

Swipe through and tell us how you're feeling about it. 👀

#CommunityPharmacy #NHSPlan #PrimaryCare #PharmacyFirst #PharmacyLeadership #DigitalHealth #IntegratedCare #NHSReform #HealthPolicy #FutureOfPharmacy",2025-07-04,,13,,,,,,,1,2129,1,1987,0,,,,DOCUMENT
"How Rahul doubled services, went fully digital  

and saved 20+ hours a week per pharmacist.

Puri Pharmacy handles 18,000+ items across two branches.  
Fully paperless. Clinically focused. Built for scale.  
Prescriptions fly out. Services keep growing.  
Staff stay calm. Patients are impressed.

👇 What would your pharmacy do with 20 hours back?

📖 Full case study: bit.ly/408lMqm

#PharmacyLeadership #TitanPMR #DigitalPharmacy #PharmacyFirst #PharmacyWorkflow #AIinPharmacy #ModernPMR #ServiceLedPharmacy",2025-07-08,,36,,,,,,,0,270,6,3176,0,,,,VIDEO
"We need to scale dispensing.

Let's hire more staff.

Still drowning in red baskets.  
…Maybe the system's the problem?

Here's how smart pharmacies are scaling 𝘸𝘪𝘵𝘩𝘰𝘶𝘵 adding chaos:  
🔗 bit.ly/3FBQgKp

#𝗖𝗼𝗺𝗺𝘂𝗻𝗶𝘁𝘆𝗣𝗵𝗮𝗿𝗺𝗮𝗰𝘆 #𝗣𝗵𝗮𝗿𝗺𝗮𝗰𝘆𝗟𝗶𝗳𝗲 #𝗣𝗵𝗮𝗿𝗺𝗮𝗰𝘆𝗢𝘄𝗻𝗲𝗿 #𝗪𝗼𝗿𝗸𝗳𝗹𝗼𝘄𝗔𝘂𝘁𝗼𝗺𝗮𝘁𝗶𝗼𝗻 #𝗣𝗵𝗮𝗿𝗺𝗮𝗰𝘆𝗦𝗲𝗿𝘃𝗶𝗰𝗲𝘀 #𝗣𝗵𝗮𝗿𝗺𝗮𝗰𝘆𝗙𝗶𝗿𝘀𝘁 #𝗣𝗵𝗮𝗿𝗺𝗮𝗰𝘆𝗧𝗲𝗮𝗺 #𝗡𝗛𝗦𝗣𝗵𝗮𝗿𝗺𝗮𝗰𝘆",2025-07-09,,17,,,,,,,0,44,1,1443,0,,,,IMAGE
"The NHS 10-year plan is backing five technologies that will reshape care.

Data. AI. Genomics. Wearables. Robotics.

Swipe through to see what's coming — and what's already here.

#NHSPlan #DigitalHealth #AIinHealthcare #PharmacyInnovation #FutureOfPharmacy #HealthcareTechnology #NHSReform",2025-07-10,,10,,,,,,,0,469,1,832,0,,,,DOCUMENT
"🎉 1000th pharmacy live with TITAN!

And what a way to mark the moment.

We joined Sunil Chandarana and the team at May + Thomson Pharmacy in Woking — the 1000th site to go live with TITAN.

Started in the 80s. Now reimagined for the future.

Smart systems. A service-first mindset. Time back for what matters.

🎊 Confetti cannons  
🎂 Titan-branded cake  
🥘 Good food  
👏 A big moment for community pharmacy  

💛 Thank you to the TITAN team and every pharmacy that believed in us.

Here's to the next 1000.

#Titan1000 #TitanPMR #PharmacyMilestone #DigitalPharmacy #PharmacyInnovation",2025-07-11,,121,,,,,,,28,2241,5,4785,0,,,,TEXT
"🎯 1000 pharmacies live.

And we're just getting started.

Huge love to Sunil and the team at May + Thomson for having us 🎂

This was the moment we paused to take it in.

Just for a second.

This one meant a lot.

📖 Read the full story behind the milestone: bit.ly/4lLo7Ap

#Titan1000 #TitanPMR #PharmacyMilestone #DigitalPharmacy #CommunityPharmacy #PharmacyInnovation",2025-07-15,,38,,,,,,,3,118,5,1803,0,,,,VIDEO
"Pharmacy is broken.

But it's not pharmacists that need fixing.

It's the systems around them.

Outdated tools. Manual errors. No backup.

Titan AI clears up to 90% of scripts.
Safely. Precisely. Reliably.

That means:
• Pharmacists are freed up
• Dispensers are empowered
• Manual errors disappear
• Item volumes rise
• Stress levels fall

This is pharmacy with backup.
Not burnout.

👉 titanpmr.com/join-us

#CommunityPharmacy #PharmacyWorkflow #AIDrivenPharmacy #DigitalPharmacy #TitanPMR",2025-07-16,,13,,,,,,,1,1361,2,1611,85.5,,,,DOCUMENT
"This is what a modern pharmacy looks like.

Calm. Efficient. Built to scale. ✅

📦 Prabjaudt now safely runs 16,000 items a month.

No chaos. No compromise.

🧠 Here's how he built a high-output workflow that protects his team instead of burning them out.

📖 Read the full case study: bit.ly/40r6NI4

#PharmacyLeadership #TitanPMR #DigitalPharmacy #PharmacyWorkflow #AIinPharmacy #CommunityPharmacy #ModernPMR #PharmacyEfficiency",2025-07-17,,31,,,,,,,3,4054,1,3685,111.0,,,,DOCUMENT
"""Love manually checking every single item.  
Wouldn't trade it for 10 years of my life back.""

– No pharmacist, ever.

🧠 Real pharmacy AI looks like this: bit.ly/4lXbzq3",2025-07-18,,13,,,,,,,0,38,1,852,6.1,,,,IMAGE
"From 4,000 items in an ex-Boots…

To 17,000 items and 80% of his day on services.

Sagar didn't just buy a pharmacy.  
He rebuilt it for the future.

When he took over, it was a manual, high-effort operation.  
Now the dispensary runs without him.

• No paper  
• No chaos  
• No chasing scripts  

Just calm, clinical pharmacy at scale.

📖 Read how he did it:",2025-07-22,,56,,,,,,,6,452,5,5356,9.7,,,,VIDEO
"Some pharmacists are investing in robots and AI…

others are still acting like one.

🧠 Real pharmacy AI looks like this: bit.ly/4lXbzq3

#TitanPMR #PharmacyAI #DigitalPharmacy",2025-07-23,,14,,,,,,,0,27,2,809,5.3,,,,IMAGE
"From overflowing baskets

To calm, scalable pharmacy in weeks

This is what happens when a system finally helps carry the weight.

Pharmacies aren't failing to grow.
They're trying to scale on tools that weren't built for it.

Every extra item means extra effort
unless your PMR is built to handle more.

At Titan, we've seen the same story across the UK: bit.ly/3GPxjnN 

• Teams stretched too thin
• Baskets stacking up
• Owners forced to hire just to keep up

Then they switch to Titan:

• AI clears up to 90% of scripts
• Pharmacists step off the bench
• Dispensers run workflow with confidence
• Volumes rise
• Stress falls

This is what happens when your team gets backup. Not burnout.

👉 See how others scaled smarter: 

#CommunityPharmacy #PharmacyBusiness #SmartGrowth #TitanPMR #PharmacyWorkflow #DigitalPharmacy #AIinPharmacy",2025-07-24,,8,,,,,,,0,656,4,1122,59.5,,,,DOCUMENT
"From checking mountains of baskets

To 20+ hours saved per pharmacist.

Before Titan, Rahul was stuck at the bench.

⚠️ Every day started the same:
A mountain of scripts.
No backup.
No headspace.
Just constant checking.

""There was no headspace. I'd always be firefighting.""

And that was with two busy branches,
18,000 items a month,
and services on the rise.

So what changed?

👉 Titan PMR did the one thing no other PMR could:
It gave pharmacists their time back.

✅ AI clears most scripts automatically
✅ Clinical checks and dosage errors flagged in seconds
✅ The dispensary flows — without pharmacist bottlenecks

Now Rahul leads from the front.
Delivers more services.
And has built a calm, clinically focused pharmacy.

📖 Read the full case study: bit.ly/408lMqm 

#PharmacyLeadership #PharmacyEfficiency #TitanPMR
#DigitalPharmacy #AIinPharmacy #ModernPMR #CommunityPharmacy",2025-07-25,,9,,,,,,,0,14,3,837,3.1,,,,IMAGE
"When everyone discovers your favourite band…

years after you.

That's what this month has felt like.

AI in UK pharmacy finally got national attention.

The MHRA launched a £1 million AI sandbox to test health tech safely.

NHS England published a 10-Year Plan to build the world's most AI-enabled healthcare system.

It's being called a bold new beginning.

But here's what most people miss:
Some pharmacies are already there.

Since 2021, AI has been live in real, high-volume UK sites.

Not in beta. Not on paper. Just quietly working.

✅ Clinical checks completed in seconds
✅ Real-time risk flagging before issues happen
✅ Pharmacists free to focus on services, not admin

AI isn't on the horizon
It's already reshaping what pharmacy feels like

Calmer. Faster. More clinical

See how the NHS plan aligns with what Titan is already doing
Read the blog → bit.ly/4l1YZ7g

#AIinPharmacy #DigitalHealth #UKPharmacy #PharmacyInnovation #NHSTech #FutureOfPharmacy",2025-07-29,,27,,,,,,,2,68,4,1776,5.7,,,,IMAGE
"The first TITANVERSE Early Adopter Day.

A day of: ""Wait… we can do that now?""

That was Sunday.

But this wasn't just a preview.
It was a handover.

Because the pharmacists in that room didn't just see what's coming.
They took it back to their pharmacies.
They're using it now.

TITANVERSE is the next-generation services platform.

Not just a tool.
A new way of working that is already transforming daily practice.

What's happening isn't theory.
It's live. It's real.
And it's already changing how services run.

These are the pharmacists leading the shift.
From siloed systems to seamless services.
From backlogs to breathing space.
From admin-heavy clinics to calm, confident care.

To our early adopters. Thank you.
You're leading the way.
You're proving what's possible.
And you're helping build what comes next.

What would ""Wait… we can do that now?"" look like in your pharmacy?
Let's talk 👇

#Titanverse #EarlyAdopters #BuiltForPharmacy #PharmacyFirst #AIinPharmacy #TitanPMR #ClinicalServices

Thank you! Kieran Eason, Rahul Patel, Yusuf Abdulali, Prabjaudt Channa, Anand Shab Lena Baretdji, Aftab Rehman, Rahul Puri, Arslan Rehman, Martin Uhelak, Thamid Khan & Tas Bhatti",2025-07-30,,83,,,,,,,7,1461,4,3716,41.8,,,,TEXT
"🚀 How Sagar 4x Pharmacy Items

and spends 80% of his time on services

✅ No chaos
✅ No overtime
✅ No dispensary firefighting

Just a calm, efficient system built right from the start.

When Sagar took over Brighton Hill Pharmacy, it was doing 4,000 items a month.
Now it's doing 17,000.

He didn't add staff. He added space. For clinics. For services. For growth.

Here's what made it possible:

💡 AI handles most clinical checks
📦 Every script is tracked from inbox to collection
📲 Patients get a text when it's ready
⏱️ Same-day turnaround is the norm

He spends one hour a day in the dispensary.
The rest goes into services: travel clinics, contraception, ear care, weight loss.

🧑⚕️ He even built a second consultation room.
Sagar isn't just scaling.
He's scaling with ease. He's leading by example.

📖 Read the full story → bit.ly/4lOuT7S

👏 Congratulations to Sagar and the team at Brighton Hill Pharmacy.

💬 What would you do with 80% of your time back?

#CommunityPharmacy #PharmacyServices #DigitalHealth #NHSPrimaryCare #TitanPMR #PharmacyInnovation",2025-07-31,,24,,,,,,,8,1965,2,2145,93.2,,,,DOCUMENT
"Titan checks every prescription. Every time.

Let us explain why.

Because that ""routine repeat"" from January?

Your patient's changed since then.

New meds.

New risks.

New reasons to recheck.

And yet…

Most systems still only check every 6 or 12 months.

It sounds efficient.

But it isn't safe.

Titan's different.

✔ High-risk → straight to the pharmacist
✔ Low-risk → checked by AI trained on pharmacists
✔ Barcode → confirms item, label, and patient match

Not about checking less.

About checking smarter.

Because safety isn't static.

And neither is your patient.

📍 titanpmr.com/join-us

#PatientSafety #ClinicalCheck #DigitalHealth #PharmacyWorkflow",2025-08-01,,40,,,,,,,13,168,4,2454,9.2,,,,IMAGE
"Great to meet Akbar and Maleeha

A setup powered by trust and clarity 👏🏻

🏪 He owns five pharmacies

💊 One of them, Drayton Prime, dispenses 32,000 items a month

🧠 And he's not at the bench

""Day to day wise… I'm not involved at all.
Before Titan, we were there until 2am.""
- Akbar

""Now I finish at 4:30. And I go home at 4:30.""
- Maleeha

What changed?

⚙️ Titan AI now handles 70% of clinical checks
🏥 30 care homes are managed with clarity and calm
👩 Malia leads the team with full visibility and no chaos

They also deliver over 350 NMSS each month.

No overtime. No stress. Just a system that works, and a team that runs with it.

It's not about doing more.

It's about building better.

👇 Could your pharmacy work without you?

📖 Full story: https://bit.ly/4ldjbDg

#PharmacyLeadership #TitanPMR #DigitalPharmacy #PharmacyWorkflow #NMSS #AIinPharmacy #CommunityPharmacy #ModernPMR",2025-08-05,,37,,,,,,,4,275,5,2942,10.9,,,,VIDEO
"Most PMRs were built for paperwork.

Titan was built for the future.

The NHS isn't experimenting with AI.

They're embedding it — into prescribing, patient safety, and clinical workflow.

And Titan? Already there.

✅ AI checks built-in, not bolted on
✅ Designed for clinical time, not screen time
✅ Live across hundreds of UK sites
✅ ISO 27001 certified and NHS-accredited

This isn't just software.

It's intelligent infrastructure for a new era of pharmacy.

💡 Want to future-proof your workflow? titanpmr.com/join-us",2025-08-06,,23,,,,,,,1,43,1,1302,5.2,,,,IMAGE
"The NHS is transforming.

Digital-first. Clinically led. Built around community and prevention.

The 10-Year Plan sets out a clear vision:

• Cloud-based systems
• Clinical AI
• Service-first pharmacy
• Integrated, paperless records

But while others plan for the shift…

Titan already delivers it.

✅ Cloud-native
✅ Paperless workflows
✅ AI-supported checks
✅ Designed for services
✅ Built from real pharmacy experience

Titan wasn't built to meet the NHS of the past.

It's here for what comes next.

💬 See how Titan aligns with the NHS 10-Year Plan → bit.ly/4l1YZ7g

#NHS #TitanPMR #healthtech #pharmacy #clinicalcare #futureofcare #AIinhealthcare",2025-08-07,,15,,,,,,,1,240,2,711,36.3,,,,DOCUMENT
"Last month was our best month ever for support.

Here's what the data says:

100% SLA adherence.

98% resolution rate.

And no — that didn't happen by accident.

We've always said:

A great PMR isn't just about features.

It's about backing you when it matters most.

That's why we train our support staff in real pharmacies.

They batch. They label. They feel the pace.

Because if you don't understand pharmacy, you can't support it.

Built by pharmacy.

Backed by pharmacy.

And last month — the numbers proved it.

Shoutout to Molly and the whole support team for setting the bar.

You don't just fix problems.

You get it.

👉 Swipe through to see how we built it.

Or get started here: titanpmr.com/join-us

#pharmacy #healthtech #customersupport #NHS #TitanPMR #builtforpharmacy",2025-08-08,,8,,,,,,,0,365,3,587,64.1,,,,DOCUMENT
"The AI Airlock is open.

What role should pharmacy play in the UK's AI future?

The MHRA's new sandbox is a turning point.

We're beyond ideas now. Real tools are being tested in real pharmacies.

Pharmacy has the access.

Pharmacy has the clinical insight.

But does it have the tech to lead?

Titan is already proving that safe, regulated AI can enhance:

✅ Prescription safety
✅ Workflow flow
✅ Pharmacist autonomy
✅ Service readiness

💬 What role do 𝘺𝘰𝘶 think pharmacy should play in AI-led care?

See how Titan aligns with the NHS 10-Year Plan → bit.ly/4l1YZ7g

#NHS #TitanPMR #healthtech #pharmacy #clinicalcare #futureofcare #AIinhealthcare",2025-08-12,,16,,,,,,,0,19,1,767,4.7,,,,IMAGE
"While Rahul's pharmacy ran on paper and post-its.

The health hub vision was on hold.

Every day was busy but without structure.

Prescriptions were hard to track.

Services were squeezed.

The bench ruled everything.

Fast forward to today.

Rahul is running 18,000 items a month across two branches without chaos.

📦 Repeat flow reorders all MDS patients with one click.

🤖 Titan AI screens prescriptions and clears around 70% automatically.

📲 Automated texts tell patients their meds are ready.

⏱ 20 pharmacist hours a week saved.

Those hours now go into Pharmacy First, weight loss and medical cannabis clinics.

In his own words:

""𝘐 𝘢𝘮 𝘯𝘰𝘵 𝘨𝘭𝘶𝘦𝘥 𝘵𝘰 𝘵𝘩𝘦 𝘣𝘦𝘯𝘤𝘩. 𝘞𝘦 𝘢𝘳𝘦 𝘯𝘰𝘸 𝘢 𝘤𝘰𝘮𝘮𝘶𝘯𝘪𝘵𝘺 𝘩𝘦𝘢𝘭𝘵𝘩 𝘩𝘶𝘣.""

Rahul's story is not just about efficiency.

It is about creating the headroom to lead clinically, commercially and creatively.

📖 Read Rahul's full case study here

👉 bit.ly/408lMqm

#Pharmacy #CommunityPharmacy #DigitalHealth #PharmacyAutomation #PharmacyFirst #IndependentPharmacy #PharmacyTech #CaseStudy #PharmacyWorkflow #TitanPMR",2025-08-13,,14,,,,,,,1,1910,3,1942,99.3,,,,DOCUMENT
"💚 𝟱 𝗦𝘁𝗮𝗿𝘀. 𝟮𝟴𝟲 𝗥𝗲𝘃𝗶𝗲𝘄𝘀. 𝟬 𝗖𝗼𝗺𝗽𝗿𝗼𝗺𝗶𝘀𝗲.

Rated 𝗘𝘅𝗰𝗲𝗹𝗹𝗲𝗻𝘁 on Trustpilot by pharmacy teams across the UK.

This is more than a number.

It represents hundreds of conversations, transitions, training sessions and support tickets.

Each one ending with a pharmacy running smoother, faster and calmer.

The reviews tell the story:

✔ Smooth switchovers
✔ Clear communication and thorough training
✔ Processes that save hours every week
✔ Pharmacy-trained support that understands the bench

To every pharmacy that has trusted us with your workflow, thank you.

To our brilliant team who make it possible, here's to the next 286.

💬 𝗥𝗲𝗮𝗱 𝘁𝗵𝗲 𝗿𝗲𝘃𝗶𝗲𝘄𝘀 𝗳𝗼𝗿 𝘆𝗼𝘂𝗿𝘀𝗲𝗹𝗳

If you haven't left one yet, we'd love to hear from you.

👉 bit.ly/45wM9bo

#Pharmacy #DigitalHealth #Trustpilot #TitanPMR",2025-08-14,,14,,,,,,,2,24,4,610,7.2,,,,VIDEO
"Sunshine. Laughter. Basically a school sports day.

Titan BBQ 25 had it all.

Once a year, we get the whole Titan crew together for BBQ 25. A day to swap the laptops for laughter, the deadlines for a bit of good-natured rivalry, and remember what it is like to be properly outside.

🥥 Coconut shy
⚽ Football speed tests
💪 Tug of war
🏃 Sack races (with some questionable technique)
🍔 And food worth queueing twice for

It had all the magic of being back on the school field, just with fewer grazed knees and much better catering.

Thank you to every single one of you for bringing the energy, the humour and the team spirit that made BBQ 25 what it was. You turned it into more than just a day out, you made it a day to remember.

Here is to BBQ 26. Same time next year. Same team.

#TitanBBQ25 #TeamTitan #SummerCelebration",2025-08-15,,43,,,,,,,2,159,6,1900,11.1,,,,VIDEO
"From 0 to 350 NMS a month.

That's an extra £7,000 revenue.

""Before Titanverse we were not doing NMS. Now we complete around 350 every month."" – Akbar Aslam

At Drayton Prime Pharmacy, NMS was not part of the flow.

After adopting Titanverse, it became effortless to track, manage, and grow.

Now the team completes around 350 NMS every month.

Clear data. Scalable services. Real results.

Read Akbar's full case study 👉 bit.ly/4ldjbDg

#CommunityPharmacy #PharmacyServices #PharmacyInnovation #NHS #PrimaryCare #PharmacyGrowth #HealthcareTechnology #IndependentPharmacy #FutureOfPharmacy #Titanverse",2025-08-19,,24,,,,,,,0,37,4,1362,4.8,,,,IMAGE
"How are pharmacy teams actually using ChatGPT?

Got a go-to prompt?

Drop it below. Genuinely curious.

#PharmacyAI #SmartWorkflows #PharmacyLife #DigitalPharmacy #WorkingSmarter #NHSInnovation",2025-08-20,,30,,,,,,,1,253,1,5517,5.2,,,,IMAGE
"If you want to see the future of pharmacy ✨

you need to see what Jeet, Yamini and their team are building.

We joined them in Leeds. First for a meal at one of their favourite spots 🍴

Then for a tour of their hub and spoke operation where we visited the central warehouse and one of the spoke pharmacies powered by Titan P2P 🏭💊

We will not spoil the full story just yet 👀

But here is what we can say.

This team is proving how independents can scale safely, efficiently and without compromise.

Big thanks to Jeet, Yamini and the whole team for the hospitality, the curry and the glimpse of what is possible with Titan 🙏

#TheTitanWay #TitanPMR #hubandspoke #automation #efficiency #pharmacyinnovation #digitisation",2025-08-21,,39,,,,,,,7,799,4,2417,35.1,,,,TEXT
"Most pharmacy systems were built for paperwork.

Tick boxes. Admin checks. Spreadsheets.

But here's the truth:

Clinical pharmacy needs more than admin support.

It needs digital tools that _think clinically_.

That means:

⚡ Filtering high-risk items before they reach you
⚡ Flagging interactions and dose changes in real time
⚡ Reducing the mental noise so you can focus on people
⚡ Checking every label, every time
⚡ Adapting instantly as patients change

If your system isn't doing this, it isn't clinical-ready.

Pharmacy is moving fast. The tools you choose now will decide whether you keep up — or fall behind.

👉 See the 5 signs in full, then ask: is your digital system really clinical-ready?

titanpmr.com/join-us

#Pharmacy #DigitalHealth #ClinicalSafety #PharmacyOwner #TitanPMR",2025-08-22,,8,,,,,,,1,563,2,1024,56.1,,,,DOCUMENT
"Five years ago, Prabjaudt was drowning in baskets.

If he'd carried on like that, he might not even still be in pharmacy today.

Instead, he rebuilt his entire workflow — now running 16,000+ items a month with zero chaos.

👉 Find out how he did it: bit.ly/40r6NI4

#CommunityPharmacy #PharmacyOwner #PharmacyLife #DigitalPharmacy #AIinHealthcare #FutureOfPharmacy",2025-08-25,,29,,,,,,,2,121,3,2006,7.7,,,,VIDEO
"If dispensing still eats every hour of your day…

what happens to your services, your patients, your future?

That's the question Pritee asked herself at Howletts Pharmacy in Ruislip.

Before Titan, she was buried in baskets. Accuracy checks stacked high. End-of-month claims dragging into days. Services struggling to take off.

Now?

Her team runs calmly and confidently:

• 6,500 items a month
• 50–60% prescriptions AI-checked
• 20–30% faster dispensing with Batch Flow

That freed up space for real growth:

✔ 60–70 BP checks a month (up from 10–15)
✔ 18 active weight management clients
✔ 2–3 private consultations every day

And for Pritee, the most important shift is cultural:

""Technology is wonderful, but it can't replace people. Titan frees my staff up to be there for the community — and that's what matters most.""

This is what calm, digital-first pharmacy looks like.

👉 Read the full case study: bit.ly/3UMTaQq

#pharmacy #communitypharmacy #pharmacist #pharmacylife #independentpharmacy #digitalhealth #healthtech #AIinHealthcare #pharmacyservices #futureofpharmacy #TitanPMR #pmrreimagined",2025-08-26,,28,,,,,,,7,164,3,2210,9.1,,,,VIDEO
"💥 Mounjaro prices are up 170% and pharmacies are feeling it!

Here's what really changed 👇

From 1 September, Mounjaro's list price jumps by up to 170%.

But the real shock isn't just the cost. Pharmacies must now:

1️⃣ Pay the higher price upfront

2️⃣ File monthly rebate reports (splitting NHS vs private)

3️⃣ Wait for retrospective rebates — still unclear in detail

For independents running on tight margins, that's a cashflow crisis.

For patients, it risks confusion, delays, and unsafe online alternatives.

That's why within days, Titan PMR launched a custom reporting suite — now used by 1,000+ pharmacies to:

✔ Generate rebate data in minutes

✔ Stay compliant without drowning in admin

✔ Keep the focus on patients, not paperwork

When global shocks land in local pharmacy…

👉 Titan moves fast.

#pharmacy #mounjaro #pmrreimagined #TitanPMR",2025-08-27,,22,,,,,,,2,3536,3,3422,104.1,,,,DOCUMENT
"💥 What if dispensing didn't eat up every hour of the day?

This is Faz, dispenser at Howletts Pharmacy in Ruislip.

And in this brilliant tutorial, she shows exactly how Titan Batch Flow works in practice:

✔ QR-coded baskets

✔ Every item scanned, every time

✔ Split packs flagged automatically

✔ Dispensing up to 15 baskets at once

The result?

Less back-and-forth.

Less stress on the pharmacist.

More time in the diary for services and patients.

Thank you Faz for walking us through it 🙌 And thank you Pritee Panchmatia, for building a pharmacy culture where digital tools free your team to shine.

👉 Read the full Howletts Pharmacy case study: bit.ly/3UMTaQq

#pharmacy #communitypharmacy #TitanPMR #pmrreimagined #pharmacylife",2025-08-28,,23,,,,,,,1,214,3,2829,8.5,,,,VIDEO
"Will Titan be at the The Pharmacy Show this year?

Hmm, let us think.

It's the biggest gathering of the pharmacy community.

Crowds. Conversations. Ideas. Innovation.

A chance to connect, to learn, to look forward together.

👉 Of course we will.

And this year, we're bringing:

⚡ Titan + Titanverse live in action

⚡ New ways to scale dispensing smarter

⚡ More reasons to believe pharmacy can thrive

📍 12–13 October, NEC Birmingham

👀 See you there.

#PharmacyShow #Titanverse #PharmacyInnovation",2025-09-02,,55,,,,,,,15,152,4,1996,11.3,,,,VIDEO
"👉 South West pharmacy teams, this is the one to be at.

Community Pharmacy Devon Conference 'Resilience in Action'. 💡

Pharmacy has been tested like never before. But resilience isn't just about survival, it's about building smarter, calmer ways of working.

On 14th September, Titan will be at Exeter Racecourse showing how AI-led dispensing helps pharmacies adapt, thrive and reclaim time.

📍 Exeter Racecourse 

🗓 14 September 2025 

🕘 9am–4:30pm

🎟 Learn more: bit.ly/46hEGhN

#Pharmacy #CommunityPharmacy #TitanPMR #PharmacyConference",2025-09-03,,14,,,,,,,0,20,1,666,5.3,,,,IMAGE
"Pharmacy should not feel like hell.

For Akbar, it once did.

Before Titan, he and his team were stuck in the pharmacy until 2am.

Today, they finish at 4:30 and actually go home at 4:30.

👉 Read the full case study: bit.ly/4ldjbDg

#𝗖𝗼𝗺𝗺𝘂𝗻𝗶𝘁𝘆𝗣𝗵𝗮𝗿𝗺𝗮𝗰𝘆 #𝗣𝗵𝗮𝗿𝗺𝗮𝗰𝘆𝗢𝘄𝗻𝗲𝗿 #𝗣𝗵𝗮𝗿𝗺𝗮𝗰𝘆𝗟𝗶𝗳𝗲 #𝗗𝗶𝗴𝗶𝘁𝗮𝗹𝗣𝗵𝗮𝗿𝗺𝗮𝗰𝘆 #𝗙𝘂𝘁𝘂𝗿𝗲𝗢𝗳𝗣𝗵𝗮𝗿𝗺𝗮𝗰𝘆 #𝗔𝗜𝗶𝗻𝗛𝗲𝗮𝗹𝘁𝗵𝗰𝗮𝗿𝗲",2025-09-04,,12,,,,,,,0,53,2,1359,4.9,,,,VIDEO
"If closing time never really means closing time, 

something is broken.

Tired teams make mistakes.

Burned-out pharmacists cannot grow.

Exhaustion is not a business model.

The real win? Walking out at 4:30, calm and confident your pharmacy is running smoothly.

👉 Gandalf won't help you leave on time. But we can. Follow to see how.

#CommunityPharmacy #PharmacyOwner #PharmacyLife #WorkLifeBalance #FutureOfPharmacy #DigitalPharmacy",2025-09-05,,16,,,,,,,2,47,3,1971,3.5,,,,IMAGE
"More items shouldn't mean more panic.

But that's exactly what happens when your PMR can't keep up.

Pharmacies are dispensing more than ever.

But the system underneath it all?

Still slow. Still clunky. Still chaotic.

You don't need more staff.

You need less chaos.

Here's how the smartest teams are scaling dispensing 𝘸𝘪𝘵𝘩𝘰𝘶𝘵 adding stress 👇

🔗 bit.ly/3FBQgKp

#PharmacyWorkflow #PharmacyGrowth #TitanPMR #DigitalPharmacy #ScaleWithoutStress",2025-09-09,,19,,,,,,,0,704,2,1165,62.2,,,,DOCUMENT
"✍️ In most PMRs, safety depends on signatures and memory. 

In Titan, it's automatic.

Every script has a full digital audit trail:

✅ Who clinically checked it

✅ When it was labelled

✅ When it was handed out

✅ Who handed it out

No guesswork. No missing scripts. No ""did we give that out?"" moments.

For teams, it means less stress and fewer mistakes.

For pharmacists, it means freedom to focus on services.

For patients, it means faster, safer handouts.

That's what pharmacy should feel like. Calm. Clear. Accountable.

👉 Follow us for more ways Titan is changing pharmacy.

#CommunityPharmacy #PharmacyOwner #FutureOfPharmacy #DigitalPharmacy #TitanPMR #AIinHealthcare",2025-09-10,,17,,,,,,,1,109,4,1773,7.4,,,,VIDEO
"Remember paper diaries and Post-it notes everywhere?

Rahul's pharmacy used to run like that too.

Now every script is visible on screen from inbox to handout.

No frantic searching. No paper chaos. Just clear workflows.

👉 Read his full case study: bit.ly/408lMqm

#𝗖𝗼𝗺𝗺𝘂𝗻𝗶𝘁𝘆𝗣𝗵𝗮𝗿𝗺𝗮𝗰𝘆 #𝗣𝗵𝗮𝗿𝗺𝗮𝗰𝘆𝗢𝘄𝗻𝗲𝗿 #𝗣𝗵𝗮𝗿𝗺𝗮𝗰𝘆𝗟𝗶𝗳𝗲 #𝗗𝗶𝗴𝗶𝘁𝗮𝗹𝗣𝗵𝗮𝗿𝗺𝗮𝗰𝘆 #𝗣𝗵𝗮𝗿𝗺𝗮𝗰𝘆𝗪𝗼𝗿𝗸𝗳𝗹𝗼𝘄 #𝗙𝘂𝘁𝘂𝗿𝗲𝗢𝗳𝗣𝗵𝗮𝗿𝗺𝗮𝗰𝘆",2025-09-11,,29,,,,,,,1,195,1,2527,8.9,,,,VIDEO
"Admin is stealing time from patients.

According to the PSNC, 80% of UK pharmacies say staffing and admin pressures are holding back services.

It is not a demand issue.

It is not a training issue.

It is a system issue.

Fix the system, and you free your team to deliver more care.

👉 titanpmr.com/join-us

#CommunityPharmacy #PharmacyOwner #PharmacyLife #PharmacyServices #DigitalPharmacy #FutureOfPharmacy",2025-09-12,,13,,,,,,,1,36,2,825,6.3,,,,IMAGE
"👉 North West pharmacy, change isn't coming, it's here.

𝗖𝗣𝗚𝗠 𝗖𝗼𝗻𝗻𝗲𝗰𝘁 𝗖𝗼𝗻𝗳𝗲𝗿𝗲𝗻𝗰𝗲 𝗶𝗻 𝗠𝗮𝗻𝗰𝗵𝗲𝘀𝘁𝗲𝗿. ✨

From contracts to clinical roles, the ground is shifting fast. The question isn't whether pharmacy can keep up. It's how.

On 𝟮𝟭𝘀𝘁 𝗦𝗲𝗽𝘁𝗲𝗺𝗯𝗲𝗿, Titan will be in Manchester, showcasing the UK's leading PMR platform built for efficiency today and opportunity tomorrow.

📍 Holiday Inn Manchester | 🗓 21 September 2025 | 🕘 9:15am–4:45pm

🎟 Learn more: bit.ly/3HZSF2u

#Pharmacy #CommunityPharmacy #TitanPMR #PharmacyConference",2025-09-16,,11,,,,,,,2,26,6,835,5.4,,,,IMAGE
"Imagine spending 80% of your time on services, not the bench.

For Sagar, that is now daily reality.

Titan has completely reshaped his workflow.

From Repeat Flow and Titan Mobile to Batch Flow, 

every module helps his team dispense smoothly while he focuses on clinical care.

👉 Read his full case study: bit.ly/4lOuT7S

#𝗖𝗼𝗺𝗺𝘂𝗻𝗶𝘁𝘆𝗣𝗵𝗮𝗿𝗺𝗮𝗰𝘆 #𝗣𝗵𝗮𝗿𝗺𝗮𝗰𝘆𝗢𝘄𝗻𝗲𝗿 #𝗣𝗵𝗮𝗿𝗺𝗮𝗰𝘆𝗟𝗶𝗳𝗲 #𝗣𝗵𝗮𝗿𝗺𝗮𝗰𝘆𝗪𝗼𝗿𝗸𝗳𝗹𝗼𝘄 #𝗗𝗶𝗴𝗶𝘁𝗮𝗹𝗣𝗵𝗮𝗿𝗺𝗮𝗰𝘆 #𝗙𝘂𝘁𝘂𝗿𝗲𝗢𝗳𝗣𝗵𝗮𝗿𝗺𝗮𝗰𝘆",2025-09-17,,14,,,,,,,1,53,2,1001,7.0,,,,VIDEO
"Sure, Teslas can drive themselves.

But pharmacists cannot swap a pill.

That is where we are in 2025.

Patients are waiting up to three weeks for essential medicines.

Not because shelves are empty.

But because pharmacists are legally blocked from substituting.

The result:

👉 Patients left untreated

👉 Surgeries drowning in calls

👉 Pharmacies stuck in the firing line

The absurdity is obvious.

We trust machines to steer cars through traffic.

But not pharmacists to use their training when a drug is out of stock.

The CCA and others are pushing for substitution rights, deprescribing roles and more front line flexibility. The NHS 10 Year Plan points the same way.

The question is not whether pharmacy is ready.

It is whether the rules will catch up.

#pharmacy #NHS #shortages #patientcare #TitanPMR",2025-09-18,,15,,,,,,,0,529,2,1163,46.9,,,,DOCUMENT
"Fast isn't the same as efficient.

Pharmacy shouldn't feel like a Fast & Furious sequel.

Flying labels. Exploding tokens. Teams racing flat out…

and still falling behind.

You can't just go faster, harder, longer.

Because the pile doesn't shrink. It just shifts.

The problem isn't your people.

It's the system.

Most teams aren't failing.

They're firefighting.

With Titan, everything changes:

✅ Tasks routed to the right person automatically

✅ Pharmacists see only high-risk scripts

✅ Accuracy checks run in real time

✅ Everyone knows exactly what to do, when to do it

No more double handling. No more bottlenecks.

Just calm, steady flow.

So the team you already have?

They finally get the space to do their best work.

Where could your team shine if the system stopped getting in their way?

#PharmacyLeadership #WorkflowDesign #DigitalTransformation #TeamWellbeing #ClinicalSafety #TitanPMR",2025-09-19,,16,,,,,,,1,45,2,1193,5.4,,,,IMAGE
"Your pharmacy's workflow could change forever.

From 1 Oct 2025, independents can use hubs across ownership lines.

Here's what owners need to know:

1️⃣ Law in force: 1 Oct 2025

2️⃣ Notify your ICB: at least 28 days before you begin

3️⃣ Earliest start: If you notify on 1 Oct and there's no objection → 29 Oct 2025

Before you begin, check off:

• ✔ Hub due diligence

• ✔ SOPs

• ✔ Courier SLAs

• ✔ Business continuity

• ✔ Data sharing

• ✔ Audit trail

Bottom line:

Plan now. Patient safety and business resilience come first.

👉 What's the first risk you'll tackle? Share below so others can sanity-check their plan.",2025-09-23,,18,,,,,,,1,52,2,1027,7.1,,,,IMAGE
"👉 Midlands pharmacy, this is your moment to look ahead.

Community Pharmacy Leicestershire & Rutland AGM. 🌟

Funding pressures. Expanding services. New responsibilities. The future of pharmacy won't be won by waiting, it will be won by acting.

On 28th September, Titan will be at the Hilton Leicester showing how AI-led dispensing gives contractors the clarity and headroom to grow safely.

📍 Hilton Hotel Leicester | 🗓 28 September 2025 | 🕘 9:30am–12:30pm

🎟 Learn more: bit.ly/47oNx2d

#Pharmacy #CommunityPharmacy #TitanPMR #PharmacyConference",2025-09-24,,11,,,,,,,2,12,2,498,5.4,,,,IMAGE
"One bench. Stacked high with baskets.

No matter how fast you checked, more kept coming.

That was life before Titan.

Now the stress is gone, the work gets done, and the team are free to deliver services.

👉 Read her full case study: bit.ly/3UMTaQq

#𝗖𝗼𝗺𝗺𝘂𝗻𝗶𝘁𝘆𝗣𝗵𝗮𝗿𝗺𝗮𝗰𝘆 #𝗣𝗵𝗮𝗿𝗺𝗮𝗰𝘆𝗢𝘄𝗻𝗲𝗿 #𝗣𝗵𝗮𝗿𝗺𝗮𝗰𝘆𝗟𝗶𝗳𝗲 #𝗣𝗵𝗮𝗿𝗺𝗮𝗰𝘆𝗪𝗼𝗿𝗸𝗳𝗹𝗼𝘄 #𝗣𝗵𝗮𝗿𝗺𝗮𝗰𝘆𝗦𝗲𝗿𝘃𝗶𝗰𝗲𝘀 #𝗙𝘂𝘁𝘂𝗿𝗲𝗢𝗳𝗣𝗵𝗮𝗿𝗺𝗮𝗰𝘆",2025-09-25,,21,,,,,,,0,50,4,1112,6.7,,,,VIDEO
"Hub and spoke. Before the law changes.

Medichem Pharmacy shows how.

Currently, groups under a single entity can already implement hub & spoke strategies.

That's exactly what Jeet did.

He built a central hub, connected his four branches with Titan P2P, and reimagined what his team could do.

The results:

✅ Dispensers 4x more efficient

✅ 45% less stockholding across branches

✅ Pharmacists free to focus on services

✅ Patients walk into calmer, safer pharmacies

""Peer to peer is a brand new tool, which Titan has enabled us to use at the minute. And I think it's amazing, because if you are part of the same group, you could technically consider sending your prescriptions to be dispensed at your other branch."" – Jeet Vadodaria

From 1st October, the same opportunity opens to every independent, whatever your structure. Medichem proves it can work, safely and profitably, with patients at the centre.

👇 Will your pharmacy be ready?

📖 Full case study: bit.ly/481Gih1

#PharmacyLeadership #TitanPMR #PharmacyWorkflow #HubAndSpoke #CommunityPharmacy #IndependentPharmacy #PharmacyFirst #DigitalPharmacy #AIinPharmacy #FutureOfPharmacy",2025-09-26,,29,,,,,,,6,133,9,1584,11.2,,,,VIDEO
"When your best advice to competitors is ""stay paper-based""…

You know you are onto something.

For Akbar, Titan made pharmacy smoother, more efficient, and more reliable.

And Maleeha loves that she can even log in from home.

👉 Read the full case study: bit.ly/4ldjbDg

#𝗖𝗼𝗺𝗺𝘂𝗻𝗶𝘁𝘆𝗣𝗵𝗮𝗿𝗺𝗮𝗰𝘆 #𝗣𝗵𝗮𝗿𝗺𝗮𝗰𝘆𝗢𝘄𝗻𝗲𝗿 #𝗣𝗵𝗮𝗿𝗺𝗮𝗰𝘆𝗟𝗶𝗳𝗲 #𝗗𝗶𝗴𝗶𝘁𝗮𝗹𝗣𝗵𝗮𝗿𝗺𝗮𝗰𝘆 #𝗙𝘂𝘁𝘂𝗿𝗲𝗢𝗳𝗣𝗵𝗮𝗿𝗺𝗮𝗰𝘆 #𝗔𝗜𝗶𝗻𝗛𝗲𝗮𝗹𝘁𝗵𝗰𝗮𝗿𝗲",2025-09-30,,12,,,,,,,0,41,2,981,5.6,,,,VIDEO
"In most pharmacies, if the pharmacist steps away…

everything stops.

The dispensers wait.

The patients wait.

The stress builds.

That's not how it should be.

With smarter systems, the team keeps moving.

Disruptions disappear.

Everyone gets home on time.

The problem isn't the team.

It's the system.

Let's fix that.

👉 titanpmr.com/join-us

#PharmacyWorkflow #PharmacyTeam #PharmacistLife #TitanPMR #NHSPharmacy #DigitalPharmacy",2025-10-03,,10,,,,,,,0,567,1,1162,49.7,,,,DOCUMENT
"5 days to go ☕

Titan keeps freeing pharmacists' time.

Smarter workflows. Seamless accuracy. Less admin.

See how innovation continues to evolve at The Pharmacy Show.

Grab a coffee at the Titan Café and come see what's next.

📍 Stand D55

🔗 titanpmr.com/join-us

#TitanPMR #PharmacyInnovation #DigitalPharmacy #PharmacyShow2025 #PharmacyFuture",2025-10-07,,14,,,,,,,1,16,1,542,5.9,,,,IMAGE
"3 days to go 🎉

Efficiency is freedom.

Titan continues to give pharmacists more time through AI accuracy, faster batch flow, and effortless teamwork.

See what's new this year, then grab a coffee at the Titan Café and let's talk workflow.

📍 Stand D55 | The Pharmacy Show

🔗 titanpmr.com/join-us

#TitanPMR #PharmacyInnovation #PharmacyFuture #PharmacyShow2025",2025-10-09,,27,,,,,,,4,68,3,922,11.1,,,,VIDEO
"🧠 Chemist+Druggist explored how barcode accuracy is shaping patient safety.

They credited Titan PMR as the pioneer of scan-to-label dispensing,

now used across modern pharmacy.

That single 'beep' is more than tech.

It's confirmation.

✅ It's accuracy.

🛡️ It's safety.

An honourable mention, if we do say so ourselves.

Proud to see Titan recognised for setting the standard in safer dispensing.

🔗 Learn more titanpmr.com

#TitanPMR #PatientSafety #PharmacyInnovation #DigitalHealth #PharmacyTechnology",2025-10-10,,12,,,,,,,0,364,1,964,39.1,,,,DOCUMENT
"What. A. Day. 🎉

Absolute madness at The Pharmacy Show today. Sore throats, sore legs, but completely worth it.

The Titan stand was packed from morning until close.

Huge thanks to everyone who came to see Titan and TITANVERSE in action. You made day one unforgettable. 💙

And a big thank you to The Pharmacy Show team for bringing the profession together once again.

#PharmacyShow2025 #TitanPMR #Titanverse #PharmacyInnovation #DigitalHealth",2025-10-12,,72,,,,,,,2,243,6,2900,11.1,,,,VIDEO
"Come down and chat with Sajid about everything Titan PMR 👋

He's here at @The Pharmacy Show Stand D55 all weekend, sharing how pharmacies are scaling safely with AI, accuracy and calm workflows.

#TitanPMR #PharmacyInnovation #DigitalHealth #PharmacyShow2025",2025-10-12,,34,,,,,,,0,88,1,1106,11.1,,,,VIDEO
"What a weekend at The Pharmacy Show.

Zad hit the floor to see what people really think of Titan, and the reactions said it all.

🗣️ ""There's no comparison. Titan is the king.""

💬 ""Innovation meets automation. That's Titan.""

🙌 ""I came last year, and was sold in two minutes. Four months in, it's brilliant.""

From TITAN to TITANVERSE, the energy around our stand was unreal.

Thank you to everyone who stopped by, shared your stories, and reminded us why we do what we do.

📍 See you next year at The Pharmacy Show

🔗 titanpmr.com

#TitanPMR #PharmacyShow2025 #DigitalHealth #PharmacyInnovation #CommunityPharmacy",2025-10-13,,70,,,,,,,3,252,6,2298,14.4,,,,VIDEO
"What a weekend. ❤️

The Pharmacy Show is always special, but this year was something else.

So many incredible conversations, stories, and smiles from people who care deeply about the future of pharmacy.

The stand was buzzing, our team was everywhere, and the energy around TITAN PMR and TITANVERSE was unreal.

We loved catching up with old friends, meeting new faces, and hearing how you're transforming pharmacy across the UK.

A big thank you to PharmAppy, DemDx, IPCN - Independent Pharmacy Contractors Network, and Beoncore for being part of it all.

And of course, a huge thank you to our amazing team.

Andy Jessep, Ashley Matthews, Atique, Dan Pinteala, Hooman Ghalamkari Safaei, Jeff Shelley, Jon Flitcroft, Maj Khaliq, Nas Khaliq, Nour Karkach, Rafal Kazynski, Roxanne Heath, Saad Idreas, Sajid Ramzan, Shannon Chappell, Tariq Muhammad, Tony Donnelly, Vicky Carling, Wahid Muhammad, and Zad Bhatti.

Until next year 👋

📍 Stand D55 | The Pharmacy Show

🔗 titanpmr.com

✨ titanverse.co.uk

#TitanPMR #Titanverse #PharmAppy #DemDx #IPCN #BeOnCore #PharmacyShow2025 #PharmacyInnovation #DigitalHealth #CommunityPharmacy #HealthTech",2025-10-14,,102,,,,,,,3,1283,10,3185,43.9,,,,TEXT
"Real conversations. Real impact.

At The Pharmacy Show, Hooman caught up with an existing Titan user to hear how Titan has transformed their pharmacy — from workflow efficiency to service delivery.

🗣️ ""We've gone from 28 staff to 19 staff doing the same 30,000 items a month.""

💬 ""Thanks to freeing up pharmacist time, we're now doing more travel services, vaccines, injections, and IP Pathfinder.""

✨ ""Titanverse's automatic transcription is potentially a game changer for reducing note-taking time.""

This is what happens when pharmacy gets the right tools.

#TitanPMR #Titanverse #PharmacyShow2025 #PharmacyInnovation #DigitalHealth",2025-10-15,,16,,,,,,,1,86,6,1292,8.4,,,,VIDEO
"This is a talk worth listening to if you work in pharmacy 👇

At The Pharmacy Show 2025, we spoke to many people.

The message was clear:

💬 Pharmacy can't survive by doing what it's always done.

Across every conversation, one theme stood out.

The old model isn't working anymore.

Margins are shrinking.

Promises keep shifting.

And independents are left trying to hold it all together.

When Tariq Muhammad took the stage, he said what many were already thinking:

""Dispensing alone is no longer viable.""

It's time to rebuild pharmacy for more than survival.

✅ A future where independent owners lead

✅ Private services that drive profit and impact

✅ Technology that creates freedom and control

That's the future TITAN PMR and TITANVERSE were built for.

🎥 Watch Tariq's full talk from The Pharmacy Show 2025

📖 Read the full story: The Independent Pharmacy Crisis: What the NHS Won't Tell You About Survival

👉 https://bit.ly/43eKMO2

#TitanPMR #Titanverse #PharmacyShow2025 #IndependentPharmacy #PharmacyFuture #PharmacyInnovation #CommunityPharmacy #DigitalHealth",2025-10-16,,89,,,,,,,8,466,12,4632,12.4,,,,VIDEO
"In case you missed it at The Pharmacy Show,

this was our stand.

We love putting this together and turning up with something special each year.

It's something we take a lot of pride in and love sharing with everyone who stops by.

Massive thanks to The Pharmacy Show team for bringing it all together.

It's their hard work and organisation that make this event so special every year.

See more at titanpmr.com

Join the waiting list for 💫 TITANVERSE at titanverse.co.uk

#PharmacyShow2025 #TitanPMR #Titanverse #PharmacyInnovation #CommunityPharmacy",2025-10-16,,47,,,,,,,1,117,10,1705,10.3,,,,VIDEO
"The Pharmacy Show 2025 💥

What a weekend.

Packed stands, great conversations, and an atmosphere that reminded us why we love being part of this industry.

From the first demo to the last chat, it was incredible to see how far pharmacy has come and where it is heading next with TITAN PMR and TITANVERSE.

Huge thanks to everyone who stopped by, shared their stories, and made this year special.

Until next year 👋

📍 The Pharmacy Show 2025 | Stand D55

🌟 titanpmr.com | titanverse.co.uk

#TitanPMR #Titanverse #PharmacyShow2025 #PharmacyInnovation #CommunityPharmacy #DigitalHealth #HealthTech",2025-10-17,,38,,,,,,,2,154,9,1513,13.4,,,,VIDEO
"✨ Happy Diwali ✨

Wishing light, peace and prosperity to everyone celebrating today.

May this season remind us to pause, reflect and be grateful for the progress made, the challenges overcome and the people who make it all worth it.

From all of us at Titan, we wish you a joyful and safe Diwali 🌙🪔

#HappyDiwali #Diwali2025 #FestivalOfLights #TitanPMR #Titanverse",2025-10-20,,23,,,,,,,0,13,2,507,7.5,,,,IMAGE
"Happy Pharmacy Technician Day 2025 🎉

Thank you for everything you do.

Pharmacy Technicians play a crucial role in every safe, efficient dispensary.

Their focus, accuracy, and organisation keep workflow moving from barcode to bag.

At Titan PMR, we're proud to support and promote the role of Pharmacy Technicians.

With Titan's workflow, technicians can confidently run the dispensary once the pharmacist has completed clinical checks.

Today, we celebrate their expertise and the technology that helps it thrive.

#PharmacyTechnicianDay #TitanPMR #PharmacyTeam #CommunityPharmacy #PharmacyInnovation

Association of Pharmacy Technicians UK (APTUK)",2025-10-21,,22,,,,,,,0,26,5,1254,4.2,,,,IMAGE
"Inside Tariq's Pharmacy Show Talk.

The message was clear.

Dispensing alone isn't enough anymore.

At The Pharmacy Show 2025, Tariq Muhammad shared what many in the room already felt.

The model that once made pharmacy stable is now under strain.

Funding is flat. Volume keeps rising.

But the future isn't doom and gloom.

It's in taking control.

From TITAN's survey of 95 pharmacies:

📊 86% plan to grow private services.

📈 59% still want to expand NHS delivery.

Pharmacy's direction of travel is clear.

Independent. Efficient. Service-led.

If you missed the talk, this carousel shares the key messages that resonated most.

You can also read the full piece here:

bit.ly/43eKMO2

Book a demo at titanpmr.com

Join the waiting list at titanverse.co.uk

#PharmacyShow2025 #TitanPMR #CommunityPharmacy #PharmacyInnovation",2025-10-21,,29,,,,,,,0,1196,2,1651,74.3,,,,DOCUMENT
"Frustrated with every PMR on the market, Sachin made the switch to 𝗧𝗶𝘁𝗮𝗻.

Here's what he found 👇

✅ Barcode validation that actually works

✅ A clear, step-by-step dispensing flow

✅ Features added 𝘣𝘦𝘤𝘢𝘶𝘴𝘦 pharmacists asked for them

""I was very frustrated with other PMR systems… Titan actually listens to its customers.""

Paperless. Efficient. Evolving with you.

🔗 titanpmr.com

#TitanPMR #PharmacyInnovation #CommunityPharmacy #PharmacyEfficiency",2025-10-22,,21,,,,,,,3,103,2,1376,9.4,,,,VIDEO
"We spoke to Prab at 𝗧𝗵𝗲 𝗣𝗵𝗮𝗿𝗺𝗮𝗰𝘆 𝗦𝗵𝗼𝘄 𝟮𝟬𝟮𝟱, Titan's second ever customer.

He's seen it all.

The manual checks. The chaos. The overtime.

Now?

AI clears 80% of scripts.

Batch flow and robotics run the rest.

And he finally gets to focus on patients again.

""I'd probably have left community pharmacy by now if it wasn't for Titan.""

Watch the full conversation 👇

#PharmacyShow2025 #TitanPMR #PharmacyTechnology #PharmacyInnovation",2025-10-23,,31,,,,,,,0,99,1,1479,8.9,,,,VIDEO
"We caught up with Zeinab from PillSorted at The Pharmacy Show 2025 💬

After 20 years in pharmacy, she's seen how one small detail can protect or endanger a patient.

Her message was simple:

Barcodes save lives.

If a barcode is reused or wrong, it can lead to dangerous dispensing errors.

That's why Pillsorted is campaigning to make barcodes mandatory for every MHRA medicine application, and why Titan shares that same focus on accuracy and patient safety.

Two teams. One goal.

Zero errors reaching the patient.

Learn more and sign the petition here: barcode.pillsorted.com

Watch the conversation 👇

#PharmacyShow2025 #TitanPMR #Pillsorted #PharmacySafety #BarcodeAccuracy #PharmacyInnovation",2025-10-27,,32,,,,,,,4,157,4,2535,7.8,,,,VIDEO
"Pharmacy is moving fast.

That's why we move faster.

Most PMR systems release new updates a few times a year.

At Titan, we do it every week.

Every release is shaped by:

🔹 Customer feedback

🔹 Live performance data

🔹 Conversations with the people behind the bench

We're on release 44 this year, with 45 coming next week.

Each one includes small improvements that make a big difference.

Because pharmacy doesn't wait, and neither do we.

#TitanPMR #PharmacyInnovation #PharmacyTechnology #DigitalPharmacy #PharmacyLife",2025-10-28,,20,,,,,,,1,59,3,1116,7.4,,,,VIDEO
"When your PMR doesn't offer both.

peer to peer or hub and spoke?

Titan does both.

#PharmacyGroups #TitanPMR #PharmacyInnovation #PeerToPeer #HubAndSpoke",2025-10-29,,17,,,,,,,1,56,3,1739,4.4,,,,IMAGE
"""I didn't realise a pharmacy could do this.""

That is what patients tell Rahul today.

From earwax removal to medical cannabis to travel vaccines, his team is delivering far beyond dispensing.

The pharmacy is no longer just a dispensary. 

It is a community health hub.

👉 Read his full case study: bit.ly/408lMqm

#CommunityPharmacy #PharmacyOwner #PharmacyLife #PharmacyServices #DigitalPharmacy #FutureOfPharmacy",2025-10-30,,16,,,,,,,1,67,3,1314,6.6,,,,VIDEO
"Everyone's talking about the NHS 10-Year Plan.

But what if pharmacy's future isn't waiting for it?

As featured in P3 Pharmacy, our CEO Tariq Muhammad explains why the next wave of progress will come from independents who take control — not from another funding review.

""Pharmacy's best negotiating strategy is to show it can thrive outside the NHS.""

🔗 Read here: https://bit.ly/4p9VZZ1

#PharmacyInnovation #PharmacyFuture #DigitalHealth",2025-11-03,,34,,,,,,,3,72,4,1952,5.8,,,,IMAGE
"Pharmacies do more than people think.

This week celebrates the incredible role of community pharmacy in delivering NHS services close to home.

From blood pressure checks and contraception consultations to vaccinations and everyday health advice, pharmacy teams across the UK help patients access care faster, safer and closer than ever before.

You might be surprised by how much your local pharmacy already does, and how much more it is ready to do.

💙 Care you can trust. Right at your doorstep.

#AskYourPharmacist #PharmacyTeam #PharmacyCare #CommunityPharmacy #TitanPMR",2025-11-04,,11,,,,,,,1,218,3,715,32.6,,,,DOCUMENT
"""I didn't realise a pharmacy could do this.""

You'd be surprised how often pharmacists hear that.

Behind every prescription is a person, and behind every counter is a team keeping care close to home.

This week we celebrate them.

💙 Care you can trust. Right at your doorstep.

hashtag#AskYourPharmacist hashtag#PharmacyTeam hashtag#PharmacyCare hashtag#CommunityPharmacy hashtag#TitanPMR",2025-11-05,,10,,,,,,,0,19,1,665,4.5,,,,VIDEO
"👀 We spoke to Yusuf from BMP HEALTHCARE LTD.

Here's how they're running 12 pharmacies and 170,000 items a month without chaos.

One pilot site turned into one a month.

See what happened next!

🎥 Watch on YouTube → bit.ly/3LyqYiG

📖 Read it on our website → bit.ly/4nOpOgu

#TitanPMR #PharmacyInnovation #PharmacyWorkflow #DigitalPharmacy #AIinHealthcare #CommunityPharmacy",2025-11-11,,25,,,,,,,1,2370,3,3014,79.6,,,,DOCUMENT
"BEEP.

That's the sound of control and safety.

Every beep is a safety check.

✅ Correct patient
✅ Correct drug
✅ Correct strength
✅ Expiry checked

All verified before a label even prints.

This is what your pharmacy should sound like.

🎥 Watch on YouTube → bit.ly/3LyqYiG
📖 Read it on our website → bit.ly/4nOpOgu

hashtag#TitanPMR hashtag#PharmacyWorkflow hashtag#PharmacySafety hashtag#DigitalPharmacy hashtag#CommunityPharmacy",2025-11-12,,9,,,,,,,0,33,1,924,4.7,,,,IMAGE
"📖 How BMP HEALTHCARE LTD hit 500% service growth and 170,000 items → bit.ly/4nOpOgu





hashtag#TitanPMR hashtag#PharmacyInnovation hashtag#DigitalPharmacy hashtag#AIinHealthcare hashtag#PharmacyWorkflow hashtag#CommunityPharmacy",2025-11-13,,25,,,,,,,1,41,4,1105,6.4,,,,IMAGE
"170,000 items a month sounds impressive.

Living it is something else. 👀

Yusuf knew BMP HEALTHCARE LTD could not keep absorbing that pressure.

Too much checking. Too much noise. Too many days shaped by the bench.

Then he saw Titan at the Pharmacy Show in 2023.

Something clicked. ⚡

Not hype. Not promises.

A clear path to a calmer, faster operation.

So they rebuilt.

Pharmacists moved into consultation rooms.

Scanning became second nature.

Checks fell to around 20 to 30 percent.

Services grew by hundreds of percent.

The pressure lifted. 💬

This is the video where Yusuf talks through that shift.

What changed.

What surprised him.

And why he will not go back.

📖 Full written story → bit.ly/4nOpOgu

#TitanPMR #PharmacyLeadership #PharmacyWorkflow #DigitalPharmacy #AIinPharmacy #CommunityPharmacy",2025-11-18,,85,,,,,,,6,344,2,3807,11.5,,,,VIDEO
"❗ Most pharmacies now have trained Independent Prescribers. Most of them still cannot prescribe.

Not because pharmacists are unwilling.
Not because the training is flawed.
Not because IP is a bad idea.

Something far simpler is blocking it.

Every owner we spoke to knows exactly what it is.
Every superintendent has lived it.
Every IP has felt it.

This new piece breaks down the real reason Independent Prescribing stalls inside most pharmacies and why the NHS 10 Year Plan will not land unless this changes.

If you run a pharmacy, you will recognise every line.

🔗 Read the full piece: bit.ly/4ibkzX0

hashtag#Pharmacy hashtag#IndependentPrescribing hashtag#CommunityPharmacy hashtag#PharmacyFirst hashtag#ClinicalPharmacy hashtag#TitanPMR",2025-11-19,,14,,,,,,,1,235,3,3522,7.2,,,,IMAGE
"Look familiar?

It doesn't have to.

#TitanPMR #PharmacyLife #IndependentPrescribing #CommunityPharmacy",2025-11-20,,31,,,,,,,1,228,2,5747,4.6,,,,IMAGE
"Can you spot the difference?

The GTIN doesn't.

Right now in UK pharmacy, different medicines are arriving with the same GTIN barcode or a GTIN that does not match the product inside.

When that happens, the scanner passes the wrong medicine as correct. Every safety layer collapses.

Pharmacists are forced to slow down, override the check, and carry the risk that should sit with manufacturers and regulators.

This is not a workflow problem. It is a patient safety problem.

The fix is simple:
• Make accurate GTIN barcodes mandatory
• Treat incorrect GTINs as labelling errors
• Protect the final safety check that keeps patients safe

If you work in pharmacy, please add your name.
This is a small action that protects every dispenser in the country.

👉 Sign the petition: bit.ly/3XNxapM

#EveryPackCounts #PharmacySafety #GTIN #CommunityPharmacy #TitanPMR",2025-11-26,,59,,,,,,,2,314,11,6632,5.8,,,,IMAGE
"Another incredible independent pharmacist shaping the future of community care ✨

👉 Meet Gareth Hughes

Gareth spent years in senior roles across large organisations, but something was missing.
He wanted real patient contact.
He wanted to give back to a community he could feel connected to.
He wanted face-to-face conversations, not dashboards and performance figures.

So he made the move into independent community pharmacy.
And what happened next is a story worth reading.

From service delivery to business growth to the decisions that shaped his workflow, Gareth has transformed Tynewydd Pharmacy with a clear vision and a commitment to genuine patient care.

He won Independent Pharmacist of the Year at the Independent Pharmacy Awards.

A well-earned moment for a pharmacist who chose people over spreadsheets and built a practice that genuinely serves his community.

👉 See the full story in the carousel

hashtag#CommunityPharmacy hashtag#IndependentPharmacy hashtag#PharmacyServices hashtag#PharmacyLeadership",2025-11-27,,16,,,,,,,1,698,1,959,74.7,,,,DOCUMENT
"What if your pharmacy could grow fourfold without growing the chaos? Sagar has done exactly that. At Brighton Hill Pharmacy in Basingstoke, he has scaled from 4,000 to 18,000 items in just 4 years. And today, everything still runs smoothly. 👉 Read his full case study: bit.ly/4lOuT7S #𝗖𝗼𝗺𝗺𝘂𝗻𝗶𝘁𝘆𝗣𝗵𝗮𝗿𝗺𝗮𝗰𝘆 #𝗣𝗵𝗮𝗿𝗺𝗮𝗰𝘆𝗢𝘄𝗻𝗲𝗿 #𝗣𝗵𝗮𝗿𝗺𝗮𝗰𝘆𝗟𝗶𝗳𝗲 #𝗣𝗵𝗮𝗿𝗺𝗮𝗰𝘆𝗚𝗿𝗼𝘄𝘁𝗵 #𝗗𝗶𝗴𝗶𝘁𝗮𝗹𝗣𝗵𝗮𝗿𝗺𝗮𝗰𝘆 #𝗙𝘂𝘁𝘂𝗿𝗲𝗢𝗳𝗣𝗵𝗮𝗿𝗺𝗮𝗰𝘆",2025-11-29,,24,,,,,,,3,161,3,2873,6.6,,,,VIDEO
"The pharmacist is now busier than ever.

Just not with checking everything. 👀

On Titan, checking has dropped to around 20–30 percent of items.
The baskets keep moving. The day does not vanish into repeats.

It is not more staff.
It is not robots.
It is not cutting corners.

It is a dispensing system that does the lifting for you.

Want to see how that feels in your pharmacy?

👉 bit.ly/4otm4kP",2025-12-02,,15,,,,,,,0,27,4,892,5.2,,,,IMAGE
"Independent Prescribing should be the future.

So why will it struggle in 2026?

Every branch is training more IPs. Every policy document points to a more clinical role. But in reality, most pharmacists still start their day the same way they did ten years ago: clearing repeats, chasing stock and firefighting the bench.

Pharmacy First showed the demand is there.
What is missing is capacity.

Training more prescribers cannot overcome a workflow that gives them no time to prescribe.

Until the operational model changes, IP cannot scale.
The bottleneck is not skill. It is time.

👉 This carousel outlines the problem
👉 Full breakdown in the blog (link in comments)

hashtag#pharmacy hashtag#independentprescribing hashtag#communitypharmacy hashtag#pharmacyfirst hashtag#nhs",2025-12-04,,15,,,,,,,2,764,2,1257,62.3,,,,DOCUMENT
"Select a batch of say 20 patients, pick all the stock for the whole batch in one go, in no particular order scan the manufacturer's barcode of a pack, Titan will issue a dispensing label and tell you which basket to put it in.

👉 See it in action at Knight Street Pharmacy

hashtag#BatchFlow hashtag#PharmacyWorkflow hashtag#DigitalPharmacy hashtag#TitanPMR hashtag#CommunityPharmacy",2025-12-05,,19,,,,,,,1,125,3,1512,9.8,,,,VIDEO
"This is Tumi.

A dispenser at Knight street Pharmacy ⭐

It was her first weekend using Titan.
She moved from doing one patient at a time to processing groups of twenty using batch flow.

When asked how she found it, she said it was:
""Very easy.""
""It's quick.""
And she could ""see the potential in it."" 💬

Many pharmacy owners worry about how fast their teams will adapt to a new PMR.
Tumi shows how quickly staff can pick up Titan and keep the work moving.

👉 Titan PMR. Built for busy pharmacies.
👉 Book a demo: bit.ly/4otm4kP

hashtag#PharmacyTech hashtag#CommunityPharmacy hashtag#Dispensing hashtag#Workflow hashtag#TitanPMR",2025-12-06,,12,,,,,,,2,130,3,2034,7.2,,,,IMAGE
Titan PMR Wrapped 2025. A busy year for pharmacy.,2025-12-08,,30,,,,,,,7,2039,2,2111,98.4,,,,DOCUMENT
"Batch flow on day one. Batches of 20 at a time.
A workflow built to run cleanly from the start. ⚡

Knight street Pharmacy is the 𝟭𝟭𝘁𝗵 𝘀𝗶𝘁𝗲 in this group to move onto Titan.
And they went live 𝗹𝗮𝘀𝘁 𝘄𝗲𝗲𝗸𝗲𝗻𝗱.

Here is how Yusuf described the first day:

""Went head on with batch flow.""
""We're doing batches of 20s… quite a few now.""
""Getting more done in a short period of time.""
""Workflow is quite orderly and well organised.""

Two batch-flow stations.
A new team.
And a smooth first weekend.

Real pharmacy. Real results.

hashtag#pharmacy hashtag#titanpmr hashtag#batchflow hashtag#workflow hashtag#communitypharmacy",2025-12-09,,21,,,,,,,1,73,3,904,10.8,,,,VIDEO
"Most pharmacies hit a ceiling.

For many, around 4,000 items already feels like the limit, especially with a manual workflow.

Today, they safely process around 17,000 items a month. And even at that volume, the team stays calm, collected and in control.

The difference is the workflow.

Sagar explains it simply:
“Titan AI gives me the right tools to do my clinical checks… and it saves me time.”

He runs Titan AI to support those checks, reducing the manual work he used to do every day.

Batch flow streamlines the dispensing process. And the Kanban view gives a clear audit trail, showing exactly what stage each prescription is at.

The impact?
Sagar now spends around 80% of his time on services instead of checking in the dispensary.

The data tells the story: 4,000 → 17,000 items.
Source and chart: 📈PharmData 

A smoother, more organised way of working.

If one pharmacy can scale like this without losing control, the question is simple:

👉 What is stopping your pharmacy from doing the same?

Read the full story: bit.ly/3KLwE95

hashtag#PharmacyGrowth hashtag#PharmacyScaling hashtag#TitanPMR hashtag#DigitalPharmacy hashtag#PharmacyEfficiency hashtag#CommunityPharmacy hashtag#PharmacyInnovation",2025-12-12,,15,,,,,,,4,65,1,1757,4.8,,,,IMAGE
"One pharmacist at head office.

All consultations visible to senior management.

Control across 12 branches.

That's what early adopters built with Titanverse.

NMS was the first live module. It meant we could centralise everything at head office. Only one pharmacist needed to complete them, but it was visible to all senior management.

That's the operational advantage.

Centralized service delivery.  
Full visibility.  
Complete control.

No matter how many locations you run.

👉 Join the waiting list: bit.ly/4oqksbq

#PharmacyFuture #MultiBranchPharmacy #PharmacyOperations #Titanverse #DigitalHealth #PharmacyInnovation",2025-12-16,,,,,,,,,,,,,,,,,
"Sometimes pharmacy is serious.

It's good to laugh at it sometimes too 😂",2025-12-17,,19,,,,,,,,1337,1,1585,85.6,,,,DOCUMENT
"Doing a consultation on paper now, it actually feels pretty impersonal when you think about it.

Paper forms. Manual risk assessments. Writing prescriptions by hand. Typing notes afterwards.

You're facing away from your patient. Focused on the screen. Not on the conversation.

With Titanverse, you're facing your patient. Looking at them. Having a real conversation.

Voice transcription writes the notes. You don't need to sit there typing afterwards.

The result?

More personable consultations.  
More friendly experiences.  
More human connection.

And we've definitely seen an increase in uptake.

More personable. More friendly. More human.

That's the difference.

👉 titanverse.co.uk

#PharmacyFuture #ClinicalServices #VoiceTranscription #Titanverse #DigitalHealth #PharmacyInnovation #PatientCare",2025-12-17,,,,,,,,,,,,,,,,,
"Christmas for everyone else vs Christmas in pharmacy.

Tag a friend who gets it 🎄🫠",2025-12-19,,18,,,,,,,,1119,2,1396,81.6,,,,DOCUMENT
"It's not learning from Google.

In the UK, we use NICE.  
We use the Green Book.

A closed system, fed only with the right clinical information.

One thing early adopters made clear: the AI needed to be learning from the correct resources.

When it comes to travel vaccinations, it can't just be learning from Google. It's got to be learning from reliable resources in the UK.

The team at Titan have done a brilliant job making sure it's a closed system, fed only with the right clinical information.

That's how you build trust.

That's how you ensure safety.

👉 titanverse.co.uk

#PharmacyFuture #ClinicalServices #AISafety #Titanverse #DigitalHealth #PharmacyInnovation #ClinicalGuidance",2025-12-19,,,,,,,,,,,,,,,,,
"""Titan core repeat flow and Titan AI have been revolutionary in our pharmacy.""

Rahul from Puri Pharmacy shares how Titan Repeat Flow and SMS features have freed up 20 hours a week, allowing them to offer double the Pharmacy First appointments.

#PharmacyGrowth #PharmacyEfficiency #TitanPMR #DigitalPharmacy #CommunityPharmacy #PharmacyInnovation",2025-12-20,,14,,,,,,,1,86,3,1719,6.1,733,,11023,VIDEO
"Only one error in three years.

That doesn't happen because people try harder
or check the same thing twice.

It happens when safety is designed into the workflow
so errors are prevented, not just caught.

In Pritee's pharmacy, fewer manual steps and clearer system checks
reduced risk, removed the need for a second pharmacist,
and gave the team more time with patients.

Technology didn't replace people.
It took responsibility for the routine work.

👉 Read the full case study: bit.ly/3UMTaQq

#CommunityPharmacy #PharmacyOwner #PharmacyLife #PharmacyWorkflow #DigitalPharmacy #FutureOfPharmacy",2025-12-22,,18,,,,,,,,58,3,1295,6.1,484,,7193,VIDEO
"The patient comes first. 

Stop nomination ping-pong.

The NHS Electronic Prescription Service is one of the most advanced prescribing systems in the world. It works because patient nomination is meant to be clear, deliberate, and respected.

But there is a flaw. Some systems can automatically reverse a patient's pharmacy nomination, without the patient knowing.

When that happens, prescriptions can bounce between pharmacies. Patients lose clarity about where their medicines are. Trust takes the hit first. And pharmacies playing fair are put at a disadvantage.

At scale, this creates risk for EPS itself. It was not designed for businesses to fight over nominations through automation.

We were asked to build this functionality. We refused. Not because we couldn't, but because it breaches our values around patient safety, professional standards, and fair competition.

Patient choice must mean something.

👉 Sign the petition: bit.ly/3YH8boA

#PatientChoice #EPS #NHSPharmacy #PharmacyEthics #PatientCare #CommunityPharmacy",2025-12-22,,45,,,,,,,4,216,14,3213,8.7,,,,IMAGE
"In the busiest hours of pharmacy, chaos is not inevitable.

It's a design problem.

When workflow is clear, pressure doesn't escalate.
Teams know where prescriptions are, what stage they're at, and what's ready next.

That's what changed in Sagar's pharmacy.
Clear tracking from receipt to collection.
Fewer interruptions.
Most prescriptions ready the same day.

Volume went up.
Stress didn't.

👉 Read the full case study: bit.ly/4lOuT7S

#CommunityPharmacy #PharmacyOwner #PharmacyLife #PharmacyWorkflow #DigitalPharmacy #FutureOfPharmacy",2025-12-27,,16,,,,,,,1,149,3,2420,7,828,,11776,VIDEO
"Pharmacy isn't held back by people.

It's held back when people are forced to manage routine work
that systems should already be handling.

When that burden is removed, roles become clearer.

Akbar can step back and focus on strategy.
Maleeha can lead the team day to day.
Both are doing the work they're actually best placed to do.

That's what changes when routine responsibility moves from people to systems.

👉 Read the full case study: bit.ly/4ldjbDg

#CommunityPharmacy #PharmacyOwner #PharmacyLife #PharmacyLeadership #DigitalPharmacy #FutureOfPharmacy",2025-12-29,,7,,,,,,,,21,2,634,4.7,234,,2498,VIDEO
"Safy's Chemist on Melton Road has served its community for 45 years. Today, it's one of the busiest pharmacies in the area, dispensing 14,500 items every month.

A year ago, the pharmacy was averaging 5-6 near misses per month. Pharmacist Asif was spending his entire nine-hour day checking prescriptions, running back and forth between the consultation room and dispensary. Baskets piling up. Constant worry about patient safety.

Since switching to Titan, near misses have dropped to just 2 in an entire year.

The improvement is so significant that Asif jokes about inspector skepticism: ""I'm worried the inspector is going to come in, look at my near misses, and say, 'You can't have only made two mistakes in a year.'""

This doesn't happen by asking people to be more careful. It happens when safety is designed into the workflow—when barcode scanning prevents wrong products from reaching patients, when the system won't let staff seal a bag if items are missing, when every item is tracked with batch numbers and expiry dates.

The numbers tell the story. But the real story is what changed: from constant worry to calm control, from chaos to confidence.

📖 Read the full case study: [link to be added]

#PharmacySafety #TitanPMR #DigitalPharmacy #PharmacyWorkflow #CommunityPharmacy #PharmacyOwner #PharmacyLife #PharmacyInnovation",2025-12-31,,,,,,,,,,,,,,,,,DOCUMENT
"2026, let's go! 🚀

We're feeling refreshed, motivated, and ready to help UK pharmacies transform like never before.

2025 was just the start. Together, we saw incredible transformations. Pharmacies scaling safely. Pharmacists stepping off the bench. Near misses dropping by 97%. Teams finding their flow.

Now, it's time to aim higher.

Here are the resolutions that will define 2026:

**Scale safely.** More items shouldn't mean more chaos. Build workflows that handle growth without breaking. The goal? Scale without stress.

**Free pharmacist time.** Get off the bench. Get into the consultation room. AI handles routine checks. You handle patient care. The goal? 80% of your time on services, not checking.

**Expand services.** Pharmacy First. Weight loss. Travel clinics. Ear care. The money is in services, not just dispensing. The goal? Services revenue that matches dispensing.

**Reduce near misses.** Safety isn't negotiable. Barcode scanning. AI checks. Real-time tracking. The goal? Near misses drop by 90%+.

**Go paperless.** No more printing. No more tokens. No more waste. Fully digital workflows from start to finish. The goal? 100% paperless by end of 2026.

We've seen pharmacies achieve all of these in 2025. Sagar at Brighton Hill scaled to 17,000 items and spends 80% of his time on services. Asif at Safy's cut near misses by 97% and freed 85% of his time. Teams across the UK went fully paperless.

It's not about working harder. It's about building smarter.

What's your pharmacy's #1 resolution for 2026? Share it below—we'd love to hear! 💡

Let's make 2026 the year your pharmacy transforms.

👉 Ready to see what's next? Visit titanpmr.com to learn more.

#PharmacyResolutions #Pharmacy2026 #NewYearNewPharmacy #PharmacyTransformation #DigitalPharmacy #PharmacyInnovation #PharmacyGrowth #TitanPMR #PharmacyGoals",2025-12-31,,,,,,,,,,,,,,,,,DOCUMENT
"Happy New Year 🎆

Wishing you a happy and prosperous year ahead.",2026-01-01,,7,,,,,,,,21,2,634,4.7,,,,IMAGE
"📖 How Safy's Chemist cut near misses by 97% 

→ bit.ly/3NrcfH7

#TitanPMR #PharmacySafety #PharmacyWorkflow #CommunityPharmacy",2026-01-05,,15,,,,,,,,43,2,2657,2.3,,,,IMAGE
"👀 We spoke to Asif from Safy's Chemist.

Here's how one independent pharmacy cut near misses by 97%
and gave the pharmacist 85% of his day back.

Five or six near misses a month became two in a year.
A full day of checking became about an hour.

See what changed.

🎥 Watch on YouTube → bit.ly/4qzOVFw
📖 Read the full case study → bit.ly/3L67SRk

#TitanPMR #PharmacySafety #PharmacyWorkflow #DigitalPharmacy #CommunityPharmacy",2026-01-07,,11,,,,,,,1,584,2,1724,34.7,,,,DOCUMENT
"Partial systems create full-scale problems.

Human triage burns people out. Digital triage scales 🔄

In most pharmacies, people are the system.
They carry the priority 🧠

When the system cannot surface what matters, everything turns into ad hoc triage.

One person decides what is urgent.
One person remembers what is next.
One person holds the risk ⚠️

It works for a while.
Then the volume hits.

Interruptions spike.
Signals get missed.
Fatigue creeps in 😮💨

It does not fail instantly.
It fails at scale.

The risk does not disappear.
It lands on the people trying to hold everything together.

And when complexity keeps landing on humans, the cost shows up fast:

• throughput drops ⏳
• stress climbs 😵💫
• confidence slips
• growth stalls 📉

You cannot try harder out of this.

You need systems that think before people have to.

When priority and logic live inside the infrastructure, not in someone's head, you stop relying on heroics and start building something that can actually scale 💡

See how TITAN removes the hero burden → bit.ly/3Nk6VW2

#PharmacyInnovation #DigitalPharmacy #PharmacyWorkflow #AIinHealthcare #TitanPMR",2026-01-09,,15,,,,,,,,8,3,635,4.1,,,,IMAGE
"Zero lost prescriptions in a year.

📖 Read the full case study: [link to be added]

#PharmacySafety #TitanPMR #DigitalPharmacy #CommunityPharmacy #PharmacyOwner #PharmacyLife",2026-01-12,,,,,,,,,,,,,,,,,IMAGE
"Safy's Chemist was losing time every single day 👀

Dispensing 14,500 to 15,000 items a month, and they felt the pace.

Baskets piling up.
Running between rooms.
Checking, bagging and shelving in between appointments.
Back and forth all day.

For Asif, that rhythm felt normal for a busy pharmacy.

Titan changed that completely.

He now spends about an hour in the dispensary across a full day.
Around 85 percent of his time is spent outside it.
The team runs the process.
He can sit with patients.
People mention it in their reviews ⭐

Safety changed as well.
On ProScript, they had five or six near misses a month.
Since moving to Titan, they have had two in an entire year.
Both were human errors, not system issues.

As Asif puts it:
""Now I have zero worries. Honestly, it's the best thing that's happened.""

His story shows something many pharmacies overlook.
You are losing more time than you think.
Once that changes, everything else follows.

📖 Read the full case study → bit.ly/4sB6bMl

#TitanPMR #PharmacyWorkflow #PharmacySafety #PharmacyInnovation #CommunityPharmacy #IndependentPharmacy",2026-01-13,,15,,,,,,,,92,1,13615,1.1,1023,,20416,VIDEO
"Bulk nomination is undermining patient choice.

And it has created a completely unfair playing field.

Some PMR systems allow pharmacies to switch patients back in bulk, without consent and without a conversation. Patients have no idea their nomination has changed behind their backs.

Pharmacies who refuse to do this lose business.
Pharmacies who do it gain business.
That isn't fair competition. It's a broken system.

Bulk switching goes directly against patient choice.
And it punishes the pharmacies who try to do the right thing.

There are only two legitimate scenarios for a bulk nomination change:
• When a pharmacy is sold
• When two pharmacies merge
And even then, the NHS manages the change — not the PMR system.

Everywhere else, nomination should stay where it belongs:
with the patient.

If you agree this needs to stop, take a stand with us.

👉 Sign the petition: bit.ly/3YH8boA",2026-01-15,,15,,,,,,,4,427,4,1010,44.6,,,,DOCUMENT
"Don’t rely on manual checking.

Use TITAN AI + Barcode scanning.

Manual checking breaks the moment volume rises.
Fatigue builds. Risk increases. 😮‍💨
One interruption is all it takes for the wrong item to be picked.

Pharmacies moving to Titan see the same shift:

• Manual checking drops from doing everything to about 20–30%
• Near misses fall from several each month to a couple a year
• Workflows scale from 4,000 to 17,000 items without chaos
• AI clears most routine clinical checks before anyone touches an item
• Barcode scanning enforces the exact item-to-patient match every time

This is enforced safety.
Not memory. Not vigilance.
A system that removes the bottleneck and keeps the line moving.

👉 See how Titan transforms dispensing safety
bit.ly/4bEOLIK",2026-01-19,https://www.linkedin.com/feed/update/urn:li:share:7418910186267918336,,,,,,,,,,,,,,,,IMAGE
"Don't rely on manual checking.

Use TITAN AI + Barcode scanning.

Manual checking collapses as volume rises. Fatigue builds. Risk goes up. One interruption is enough for the wrong item to be picked.

Pharmacies switching to Titan see the same pattern:

• Manual checking drops to 20–30%
• Near misses fall to a couple a year
• Workflows scale from 4k to 17k items without chaos
• AI clears most routine checks up-front
• Barcode scanning locks in the item-to-patient match

This is enforced safety.
Not memory. Not vigilance.

A system that removes the bottleneck and keeps the line moving.

👉 See how Titan transforms dispensing safety
bit.ly/4bEOLIK",2026-01-19,,15,,,,,,,1,35,2,1065,5,,,,IMAGE
"You scroll. You scroll again.

The list never ends.

Here is the problem on a busy board:
everyone’s patients, all mixed together, all competing for your attention.

Titan fixes it while you work.

Switch on the tags you manage such as MDS, care homes or deliveries and everything else drops away.
You are left with your patients, your workflow and one clear board.

No more guessing.
No more notebooks.
No more “someone else deals with that”.

Just a board that finally matches how your pharmacy runs.

👉 titanpmr.com

#TitanPMR #PharmacyWorkflow #PharmacyEfficiency #CommunityPharmacy #DigitalPharmacy #PharmacyTech",2026-01-21,https://www.linkedin.com/feed/update/urn:li:share:7419634889257275392,,,,,,,,,,,,,,,,IMAGE
"You scroll. You scroll again.

The list never ends.

Here is the problem on a busy board:
everyone's patients, all mixed together, all competing for your attention.

Titan fixes it while you work.

Switch on the tags you manage such as MDS, care homes or deliveries and everything else drops away.
You are left with your patients, your workflow and one clear board.

No more guessing.
No more notebooks.
No more ""someone else deals with that"".

Just a board that finally matches how your pharmacy runs.

👉 titanpmr.com

#TitanPMR #PharmacyWorkflow #PharmacyEfficiency #CommunityPharmacy #DigitalPharmacy #PharmacyTech",2026-01-21,,12,,,,,,,3,20,1,446,8.1,,,,IMAGE
"""Scary at first. Easier than I thought.""

A quick moment from training today at Listers Chemist.

Paula started the morning nervous.
By lunchtime she was a quarter through her checklist and said it was ""very quick"" and ""really good"".

Simple tools. Clear steps.
People pick it up fast.

👉 bit.ly/4bEOLIK

#TitanPMR #PharmacyWorkflow #PharmacyInnovation #DigitalPharmacy #CommunityPharmacy",2026-01-23,,6,,,,,,,,23,2,455,6.1,180,,1908,VIDEO
"“Scary at first. Easier than I thought.”

A quick moment from training today at Listers Chemist.

Paula started the morning nervous.
By lunchtime she was a quarter through her checklist and said it was “very quick” and “really good”.

Simple tools. Clear steps.
People pick it up fast.

👉 http://bit.ly/4bEOLIK

#TitanPMR #PharmacyWorkflow #PharmacyInnovation #DigitalPharmacy #CommunityPharmacy",2026-01-23,https://www.linkedin.com/feed/update/urn:li:ugcPost:7420404016301539328,,,,,,,,,,,,,,,,VIDEO
"Switch it on. Walk away.

Titan AI runs a full 40 point clinical and dosage check on every prescription.

The same way.
Every script.
Every time.

It filters risk.
It clears the routine work.
It raises what needs a pharmacist.

In this workflow, 72% of checks are auto-cleared.
Bench time drops.
Time for services increases.

This is not a shortcut.
It is safety at scale.
It is the #titanway.

Full clinical artificial intelligence.
Working quietly while you focus on the work only you can do.",2026-01-27,https://www.linkedin.com/feed/update/urn:li:ugcPost:7421809297627467777,,,,,,,,,,,,,,,,VIDEO
"Switch it on. Walk away.

Titan AI runs a full 40 point clinical and dosage check on every prescription.

The same way.
Every script.
Every time.

It filters risk.
It clears the routine work.
It raises what needs a pharmacist.

In this workflow, 72% of checks are auto-cleared.
Bench time drops.
Time for services increases.

This is not a shortcut.
It is safety at scale.
It is the #TheTitanWay.

Full clinical artificial intelligence.
Working quietly while you focus on the work only you can do.",2026-01-27,,12,,,,,,,,16,2,668,4.5,252,,2952,VIDEO
"Paula started the day feeling nervous about her training.

She said she was “very” scared to begin with.

As the session went on, things became clearer.
“Really good… loads better… not that complicated… easier than I thought.”

Her checklist was already a quarter done.
Her pace was “very quick”.
And when asked if she was liking it, she said “yes”.

A simple start.
Steady progress.
Training that becomes easier once you begin.

👉 titanpmr.com

#TitanPMR #PharmacyTraining #PharmacyWorkflow #DigitalPharmacy #CommunityPharmacy",2026-01-28,https://www.linkedin.com/feed/update/urn:li:share:7422247143006093313,,,,,,,,,,,,,,,,IMAGE
"Paula started the day feeling nervous about her training.

She said she was ""very"" scared to begin with.

As the session went on, things became clearer.
""Really good… loads better… not that complicated… easier than I thought.""

Her checklist was already a quarter done.
Her pace was ""very quick"".
And when asked if she was liking it, she said ""yes"".

A simple start.
Steady progress.
Training that becomes easier once you begin.

👉 titanpmr.com

#TitanPMR #PharmacyTraining #PharmacyWorkflow #DigitalPharmacy #CommunityPharmacy",2026-01-28,,6,,,,,,,1,17,3,457,5.9,,,,IMAGE
"£158 million NHS clawback.

Calculated across the whole sector…

not individual pharmacy performance.

Fair?

Olivier Picard #CommunityPharmacy #CPCF #PharmacyFunding #TitanPMR",2026-01-29,,,,,,,,,,,,,,,,,DOCUMENT
Priory Pharmacy. TITAN PMR. TITANVERSE. PharmAppy. All connected. 🚀,2026-01-30,,23,,,,,,,1,66,7,666,14.6,,,,VIDEO
"There’s someone in every pharmacy with a black book.

Patient names. Repeat patterns. Tricky meds.
All in there somewhere. Or sometimes just in their head.

When they're off? Chaos.
Orders get missed. Surgeries get chased twice. Or not at all.

Even when they're in, every pharmacy runs the same loop:
Order. Wait. Chase. Reconcile. File. Repeat.

The problem isn't the person. It's that the system relies on them.

Titan Repeat Flow changes that:
🔄 Auto-ordering at inbox
📦 Auto-reconciliation on receipt
📞 Automatic chasing
📱 PharmAppy for patient self-service

Scrap the black book.
👉 titanpmr.com
#TitanPMR #PharmacyWorkflow #CommunityPharmacy",2026-02-02,https://www.linkedin.com/feed/update/urn:li:ugcPost:7424006380254040064,,,,,,,,,,,,,,,,DOCUMENT
"Your patients chose you.

Then software quietly sent their prescriptions somewhere else.

Bulk auto-renomination tools scan for patients who’ve moved their scripts and switch them back.
No consent.
No notification.
Just a bot reversing their decision in the background.

Patients turn up expecting their meds.
Nothing’s there.
Carers do everything right.
Still left waiting.

This isn’t competition.
It’s interference.

Nearly 3,000 people have signed the petition calling for clear rules.
10,000 triggers a government response.

📖 Read the full piece: http://bit.ly/45M8wKQ
✍️ Sign the petition: http://bit.ly/4pF76Jb
🖨️ Download the leaflet for your pharmacy: http://bit.ly/3OkmW️vC

#PatientChoice #CommunityPharmacy #StopAutoRenomination",2026-02-04,https://www.linkedin.com/feed/update/urn:li:share:7424708327538049024,,,,,,,,,,,,,,,,IMAGE
"Great day filming with Rahul at Puri Pharmacy

Always learn something catching up with this guy. Surprised he made time for us with how busy he is

More soon

#TitanPMR",2026-02-06,,,,,,,,,,,,,,,,,MULTIIMAGE
"Head Office Day. Done.

Got the whole leadership team in one room yesterday.

Tariq, Wahid, Jeff, Sajid, Hooman. And a room full of pharmacy group owners who came with one question:

""What's next?""

We didn't just talk. We workshopped. We challenged. We mapped out what pharmacy technology should actually look like when you stop thinking in pie charts and start thinking in outcomes.

Can't say too much yet.

But if you've ever felt like your data tells you everything and nothing at the same time, that's about to change.

Something's being built. And the people in that room yesterday are helping shape it.

More soon.

Thank you to everyone who gave up their Sunday and brought the energy. You know who you are.

#TitanPMR #PharmacyInnovation #HeadOfficeDay",2026-02-09,,,,,,,,,,,,,,,,,MULTIIMAGE
"15 pharmacies. High-volume branches that used to need double cover. Not anymore 👇

Sunil runs operations across Hollywood Chemist. He doesn’t do drama.

No forced restructure. Just a system change that made double cover unnecessary.

One pharmacist now handles what two used to. Checking is faster. Services still happen. And the branches that once demanded double cover are running smoother than before.

“We’re operating without double cover today, and the pharmacists within those branches now use AI. That frees them up to carry out services.”

Same volume. Lower pharmacist hours. More clinical time, not less.

That’s the Titan way 💪

#TitanPMR #PharmacyEfficiency #PharmacyAI",2026-02-11,https://www.linkedin.com/feed/update/urn:li:ugcPost:7427279349625663488,,,,,,,,,,,,,,,,VIDEO
"You can only keep ONE Titan feature.

The rest disappear tomorrow.

Which one stays?

📦 Titan Batch
🤖 Titan AI
📱 Titan Mobile
🔄 Titan Repeat

Drop your answer below 👇

#TitanPMR #PharmacyWorkflow #CommunityPharmacy",2026-02-13,https://www.linkedin.com/feed/update/urn:li:share:7427969811952865280,,,,,,,,,,,,,,,,IMAGE
"Pick your film. 🎬💊

This Valentine's, the dispensary's got its own box office.

🎬 The Logbook
🎬 Titan-ic
🎬 Crazy, Stupid, Workflow
🎬 10 Things I Hate About My Old PMR
🎬 Cleared Actually

👇 Swipe to see the lineup

#PharmacyLife #TitanPMR #AI",2026-02-14,https://www.linkedin.com/feed/update/urn:li:ugcPost:7428347404988502016,,,,,,,,,,,,,,,,DOCUMENT
"“Only about 14–15% of items actually need a pharmacist check.”

So why is there still one sitting at the end of the bench checking everything?

That’s not workflow design.
That’s wasted clinical capacity.

Pharmacists trained for years.

Not just to check labels.
To care for patients.

Free them to do what they’re actually qualified for.

👉 Join us: bit.ly/4ajliDi

#TitanPMR #AccuracyChecking #PharmacyWorkflow",2026-02-16,https://www.linkedin.com/feed/update/urn:li:ugcPost:7429056995682385920,,,,,,,,,,,,,,,,VIDEO
"This week, Titan team was on site in Birmingham, 

mapping out TitanUp 2026 🚀

The waitlist opens soon.

👀 Watch this space.

#TitanUp #Titanverse #CommunityPharmacy #PharmacyEvents",2026-02-17 08:01,https://www.linkedin.com/feed/update/urn:li:ugcPost:7429434926564818944,25,24,1,,,,,5,1124,4,1613,71.79,,,,MULTIIMAGE
"Ramadan Mubarak. 🌙

For the next 30 days, thousands of pharmacy team members across the UK will fast from dawn to sunset.

No water. No food.

And they will still be on their feet. Still dispensing. Still checking. Still advising patients with the same care they always do.

Some of your colleagues will not mention it.
They will just quietly get on with it, the way they always have.

This is your reminder to check in on them and show a little extra support this month.

#RamadanMubarak #CommunityPharmacy #PharmacyLife #TitanPMR
",2026-02-18 07:00,https://www.linkedin.com/feed/update/urn:li:share:7429781760852447233,37,37,,,,,,,12,3,762,6.82,,,,IMAGE
"How Priory Pharmacy handles ‘Is my prescription ready?’… They don’t.

The patient orders through the app. It lands straight in Titan. As the team works through it, the patient gets a notification at every stage. Ordered. Preparing. Ready. Collect.

Nobody calls. Nobody chases. Nobody stops what they’re doing to walk to the shelf and check.

Prab’s team used to get dozens of those calls a day. Now the app handles it before the patient even thinks to pick up the phone.

@TITAN PMR + @PharmAppy . Built for pharmacies that want their phones to stop ringing.

#TitanPMR #PharmAppy",2026-02-20 07:00,https://www.linkedin.com/feed/update/urn:li:share:7430506520125059072,25,25,,,,,,4,75,6,2155,5.1,,,,IMAGE
"""If it wasn't for Titan, I'd have left pharmacy a long time ago.""

That's @Prabjaudt at Priory Pharmacy. And he means it.

He was checking baskets at 8pm every night. Buried in the dispensary. No time for patients. No time for anything.

The kind of career that makes you ask why you bothered.

Now Titan AI clears 70% of his prescriptions. He spends whole hours with patients. He leaves on time.

""With any other PMR, I'd still be checking baskets at 8pm.""

He didn't leave pharmacy. He left the system that was burning him out.

Same pharmacist. Different life.

#TitanPMR #CommunityPharmacy #PharmacyLife",2026-02-24 07:00,https://www.linkedin.com/feed/update/urn:li:share:7431956084367572992,49,41,4,,4,,,12,137,4,2573,7.85,,,,IMAGE
"Some things matter more than growth in pharmacy.

We see it every day with our customers.

Pharmacists finishing at 5. Owners who haven't worked a Saturday in months. Parents making it home for bedtime instead of locking up at 8pm.

And the best part? They actually get both.

Owners doing 15,000 items a month who still leave on time. Businesses scaling without the person behind them burning out.

But what drives @Sajid more than anything, going pharmacy to pharmacy, seeing Titan customers up close, isn't the volume. It isn't the efficiency.

It's a pharmacist, a father of four, saying: I get to go home on time. I don't have to work weekends. I get to enjoy my family.

Business is business. But you didn't get into pharmacy to miss your life.

#CommunityPharmacy #PharmacyTech #IndependentPharmacy",2026-02-25 09:51,https://www.linkedin.com/feed/update/urn:li:ugcPost:7432361576625586176,35,33,1,,,1,,8,92,2,1291,10.61,,,,VIDEO
"For TITAN customers only… scan me 👀
",2026-02-26 13:00,https://www.linkedin.com/feed/update/urn:li:share:7432771473829777408,25,24,1,,,,,6,228,10,1935,13.9,,,,IMAGE
"Some of you missed it. Here's your chance. 👀
",2026-02-27 13:01,https://www.linkedin.com/feed/update/urn:li:ugcPost:7433134126049681410,8,8,,,,,,,14,3,530,4.72,,,,VIDEO
"We've been keeping something quiet.

Some of you might have seen it last week.

A high-impact day of bold ideas and practical strategy centred on AI, supercharging your pharmacy for scalable, sustainable profit.

You won't want to miss this.

Birmingham. June 7th 2026.

TitanUp 2026 is here.

Limited capacity. Verified TITAN customers only.

Register now: titanup.club

#TitanUp26 #TitanPMR #CommunityPharmacy #PharmacyBusiness",2026-03-02 07:00,https://www.linkedin.com/feed/update/urn:li:ugcPost:7434130438014644224,17,17,,,,,,,1695,5,1285,133.62,,,,DOCUMENT
"TITAN UP 26 is here 🚀

A room full of pharmacy owners already building the next generation of pharmacy businesses.

AI.
Services.
Operational scale.
Real profit.

📍 Birmingham
📅 June 7th 2026

Limited capacity. Verified TITAN customers only.

Register now: titanup.club

#TitanUp26 #TitanPMR #CommunityPharmacy #PharmacyBusiness",2026-03-04 07:00,https://www.linkedin.com/feed/update/urn:li:ugcPost:7434855220872069120,20,19,1,,,,,,51,4,911,8.23,,,,VIDEO
"Pharmacists didn’t qualify to spend an hour doing stock checks.

But that’s exactly what Stefan used to do.

Print the stock list.
Walk to the cabinets.
Tick everything off on paper.
Then go back to the register and type it all in again.

45 minutes. Sometimes an hour.

Now he runs the balance check on Titan Mobile.

Sat in front of the register.
10 to 15 minutes.

“That’s another massive time saving. Time I can spend on patient care.”

This is the real shift with Titan.

Less time stuck in the dispensary.
More time being a pharmacist.

#TitanPMR #CommunityPharmacy #PharmacyLife #PharmacyBusiness
",2026-03-05 07:00,https://www.linkedin.com/feed/update/urn:li:ugcPost:7435217608204865536,21,19,,,2,,,2,86,3,1413,7.93,,,,VIDEO
"Thousands of electronic repeats.

All sitting in the old system.

And you're about to migrate.

That was the reality for Greenway Pharmacy.

70% of their prescriptions are on ERD.
Thousands of patient repeats that had to move across before Titan could even start doing its job.

""My biggest concern moving across to Titan was how do we shift that data?""

Every item had to be rebuilt.

Every repeat had to be moved.

Titan's implementation team worked through it with them step by step.
Getting everything back onto the system. Back into the queue.

""You guys have been fantastic.""

Because the real benefit of Titan only starts after migration.

The automation.
The calmer dispensary.
The time back.

But first you have to get there.

And that's exactly what the team helps pharmacies do.

#TitanPMR #PharmacyMigration #ERD
",2026-03-10 07:00,https://www.linkedin.com/feed/update/urn:li:ugcPost:7437029552301887488,16,16,,,,,,3,78,4,1213,8.33,,,,VIDEO
"Don't miss your chance to register.

Limited capacity. Verified Titan customers only.

Head to titanup.club to register!

Birmingham. June 7th.

#TitanUp2026 #CommunityPharmacy #PharmacyOwners",2026-03-11 11:00,https://www.linkedin.com/feed/update/urn:li:ugcPost:7437452365533872128,7,7,,,,,,,12,2,451,4.66,,,,VIDEO
"""I was warned that changing PMRs is super stressful and to expect a nightmare.""

What I've found is... complete and utter...

12 hours a day, every day.

20-30 consultations with no water break. No loo break. Checking baskets after close.

Anna was prepared for a lot of pain for the long term gain.

Go-live day arrived.

And instead what she found was... complete and utter

relief.

Day two on Titan. First Monday in over a year she left on time.

""If anyone is thinking about the switch, I would one hundred percent encourage you to go for it 💯""

Thanks for the kind words, @Anna. 😌

#TitanPMR #PharmacyLife #CommunityPharmacy #IndependentPharmacy",2026-03-12 11:00,https://www.linkedin.com/feed/update/urn:li:ugcPost:7437814768335441921,13,13,,,,,,,510,1,719,72.88,,,,DOCUMENT
"Most people talk about dispensing errors like they’re a staffing problem.

More checks. More pressure. More people trying to be more careful.

But that misses the point.

Because when near misses keep happening, it usually is not because the team does not care.

It is because the system is asking human beings to hold too much together.

That was the reality for Asif on ProScript.

“We would have between 5 to 6 near misses a month easily on ProScript.”

Same pharmacy.
Same responsibility.
Different system.

“I’ve had 2 since we’ve had Titan… and that’s in a year. And they were human errors”

That is the shift.

The problem was never effort.
The problem was the workflow.

“Now I have 0 worries. Honestly it’s the best thing that’s happened.”

Good pharmacy software should not just save clicks.
It should make the pharmacy safer to run.

Titan does that.

#TitanPMR #CommunityPharmacy #PatientSafety

",2026-03-13 07:00,https://www.linkedin.com/feed/update/urn:li:ugcPost:7438116682163744768,5,5,,,,,,3,16,1,540,4.63,,,,VIDEO
"Some repeat systems have been seriously makeshift.

And you’ve got to give pharmacies credit.

A spreadsheet.
A reminders list.
An email chasing a missing item.
And then the repeat person goes on holiday.

And that’s just one workaround. Most pharmacies have several.

It feels archaic because it is.

Titan Repeat exists to replace that patchwork with a proper system.

Learn more: bit.ly/4seaaOD

#TitanPMR #TitanRepeat #CommunityPharmacy #PharmacyWorkflow",2026-03-16 08:35,https://www.linkedin.com/feed/update/urn:li:ugcPost:7439227911175372800,11,10,1,,,,,1,755,3,1039,74.11,,,,DOCUMENT
"Every time the phone rang, @Jeet's heartbeat stopped.

There must be an error. We must have done something wrong.

That was the thought every single time.

Now his team are excited to pick up.

Because they know they can't have done anything wrong. And because it might be a clinical service opportunity. A patient who needs them.

The anxiety is gone. The confidence is there instead.

""As a pharmacist, as a contractor, as a dad, as a husband. It's been a life changer.""

""Titan has just given us our life back.""

#TitanPMR #CommunityPharmacy #PharmacyLife",2026-03-17 07:11,https://www.linkedin.com/feed/update/urn:li:ugcPost:7439569135656681473,6,5,,,1,,,,34,1,625,6.56,,,,VIDEO
"Were you one of the first 100?

TitanUp 26 approvals started landing.

If that email hit your inbox,
you are in.

If you registered and have not heard yet,
more approvals are on the way. Watch your inbox.

Don't miss your chance.

titanup.club

#TitanUp26 #Pharmacy #PharmacyBusiness #UK",2026-03-18 07:01,https://www.linkedin.com/feed/update/urn:li:ugcPost:7439928847766065152,6,6,,,,,,,14,1,360,5.83,,,,VIDEO
"""We were wasting time chasing repeats before Titan. Now that time goes into services and revenue.""

That's @Rahul at Puri Pharmacy. 

Here's what repeat management looks like without a system:

- Confirm a date with the patient
- Calculate when the order needs to go to the surgery
- File it away and remember to pull it in time
- Fax it or type out an email
- Wait for the prescription to come back
- Manually reconcile what the surgery sent
- Chase anything that's missing

Every patient. Every time.

Now after the first entry, Titan handles the whole thing automatically. Orders go out on time. Prescriptions get reconciled before the pharmacist sees them. Missing items get flagged without anyone remembering to check.

The team only touches it when there's a genuine clinical reason to.

""If your repeats rely on memory and chasing, you don't have a system. You have a bottleneck.""

Same team. Different system.

#TitanPMR #CommunityPharmacy #PharmacyLife #RepeatPrescriptions",2026-03-19 07:40,https://www.linkedin.com/feed/update/urn:li:share:7440301205530103809,6,6,,,,,,,10,2,724,2.49,,,,IMAGE
"Eid Mubarak 🌙

To every pharmacist and pharmacy team working through this special time, thank you.

You've served your community through Ramadan without a break. That dedication doesn't go unnoticed.

From all of us at Titan, we wish you and your families a blessed Eid.

May it bring rest, joy, and time with the people who matter most.

#EidMubarak #CommunityPharmacy #PharmacyTeam #TheTitanWay
",2026-03-20 07:26,https://www.linkedin.com/feed/update/urn:li:share:7440659910301962240,31,31,,,,,,,12,4,663,7.09,,,,IMAGE
"Looks like a small neighbourhood pharmacy.

Then you walk through the back.

37,000+ items a month across 2 sites, 13 nursing homes, MDS waiting list, 6 ACTs, 5 consultation rooms incoming. 

That is not a neighbourhood pharmacy. That is a health operation.

And somehow, none of it feels chaotic.

Because at that kind of scale, you expect noise.
Pressure.
Workarounds.
A system held together by stress.

But the pharmacist here is not at the end of every prescription.
The workflow carries the volume.
The team is supported, not stretched.

That is what calm at scale actually looks like.

And it does not happen by accident.

Years of building.
Years of improving.
A pharmacy that grew without losing its grip.

Not just a big operation.
A well-built one.

Because pharmacy is not moving towards more paper, more friction, more patchwork.
It is moving the other way.

Malpas is already there.
Titan is part of how.

Geoff, Lorraine, and the whole Malpas team, thank you for having us. You were incredibly generous with your time, and it was a genuine pleasure.

The full story lands later this week.

#TitanPMR #CommunityPharmacy #PharmacyLife #Newport",2026-03-23 07:58,https://www.linkedin.com/feed/update/urn:li:ugcPost:7441755229718462464,29,29,,,,,,2,2433,3,3670,67.22,,,,MULTIIMAGE
"""It's a no brainer. Like, why haven't you done it already?""

That is Emma. Dispensing manager at Malpas Brook.

The board is what changed things.

Every prescription visible. Every stage. Still with the doctor. Part dispensed. Which basket. Which bay. Exactly where in the building.

Patients come in. They are not waiting around. They get an answer. Straightaway.

💬 Does your whole team know exactly where every prescription is right now?

#TitanPMR #CommunityPharmacy #PharmacyWorkflow #Newport
",2026-03-24 07:00,https://www.linkedin.com/feed/update/urn:li:ugcPost:7442102994181033984,12,11,1,,,,,,39,4,738,7.45,,,,VIDEO
"""5 stores. 5 days. Zero looking back. 🚀""

@Ram just migrated the entire Reliance Pharmacy Group to Titan in a week.

His team's reaction when the system went live:

""We finally feel like we're working in the 21st century.""

Let's go Ram! Welcome to the future of pharmacy. 👏",2026-03-25 12:22,https://www.linkedin.com/feed/update/urn:li:share:7442546391840677889,5,5,,,,,,,28,2,849,4.12,,,,TEXT
"Krishna, owner of Clifton Pharmacy, 

was clear on why they chose Titan.

First: accuracy.

Their main concern with their old system was near misses.
So accuracy checking was the biggest reason for the move.

Second: time back.

Freeing up pharmacist time means more focus on services, and more room to generate income for the pharmacy.

That is the bit people miss.

Better dispensing is not just about speed.
It is about safer workflow, fewer errors, and giving the pharmacist more capacity to do higher-value work.

And that is where the features matter.

Barcode validation helps improve safety.
Batch Flow helps create a more predictable dispensing process.
Titan AI helps reduce checking burden further.

So when Krishna talks about accuracy and more time for services, he is really describing a workflow change.

Safer dispensing.
Better flow.
More pharmacist capacity.

Day one.

titanpmr.com

#TitanPMR #PharmacyLife #PatientSafety #PharmacyOwner",2026-03-26 10:32,https://www.linkedin.com/feed/update/urn:li:ugcPost:7442881169064382465,9,8,,,1,,,1,44,3,710,8.03,,,,VIDEO
"DSPT has a habit of becoming urgent very suddenly 👀 

trust.titanpmr.com",2026-03-26 07:56,https://www.linkedin.com/feed/update/urn:li:share:7442842021129523200,1,1,,,,,,,8,,239,3.77,,,,TEXT
"Every year it's the same thing.

This year it doesn't have to be.

Use our DSPT Chat Assistant for when the questions start coming thick and fast.

Also free resources and templates there too for any pharmacy getting started.

At trust.titanpmr.com

#Pharmacy #DSPT #CommunityPharmacy #DataSecurity",2026-03-27 07:00,https://www.linkedin.com/feed/update/urn:li:share:7443190104510136320,17,14,2,1,,,,,46,3,1218,5.42,,,,IMAGE
"Behind every counter is a different stack.

A robot. A CD register. An eMAR. Ordering systems. Collection points.

TITAN PMR is what connects them.

Without it, your team is the connection. Separate logins. Repeated data entry. Manual tasks on every platform.

See what's connected at marketplace.titanpmr.com

#TitanPMR #CommunityPharmacy #PharmacyTechnology",2026-03-30 07:06,https://www.linkedin.com/feed/update/urn:li:ugcPost:7444263838226665473,24,23,1,,,,,2,84,4,1811,6.29,,,,VIDEO
"TITAN comes to Birmingham this June.

To answer the biggest questions in pharmacy.

Business strategy. Industry networking. 

And the reveal of something we haven't shown anyone yet.

June 7th.

titanup.club

#TitanUp2026 #TitanPMR #PharmacyOwners",2026-04-01 09:16,https://www.linkedin.com/feed/update/urn:li:ugcPost:7445021163136839680,19,16,3,,,,,,54,4,754,10.21,,,,VIDEO
"POV: someone asks what your PMR actually does
",2026-04-03 07:00,https://www.linkedin.com/feed/update/urn:li:ugcPost:7445711767407595520,9,9,,,,,,,50,2,940,6.49,,,,VIDEO
"Seven trial branches. A few weeks of rollout. Batch Flow.

Glen leads dispensing operations at Knights.

The approach is straightforward.

Single-item scripts first.
Then double-item scripts.

That takes a large chunk of the bundle scripts that have come in that day. The patients who tend to be coming in.

The multi-item prescriptions get worked through one by one after.

""It's working really well."" ✅

Rolling out to the rest of the network.

👉 titanpmr.com/batch

#TitanPMR #BatchFlow #CommunityPharmacy",2026-04-07 07:00,https://www.linkedin.com/feed/update/urn:li:ugcPost:7447161311475625984,6,6,,,,,,1,43,3,703,7.54,,,,VIDEO
@TITAN PMR for the dispensing engine. @TITANVERSE for the services engine.,2026-04-08 08:34,https://www.linkedin.com/feed/update/urn:li:share:7447547290183057408,2,2,,,,,,,7,1,313,3.19,,,,TEXT
"Another pharmacy just left the old way behind... 👀

In every TITAN pharmacy is the same thing.

✅ Freeing up pharmacists
✅ Safer dispensing
✅ Team training to do more
✅ Services actually running

Krishna. Clifton Pharmacy.

Welcome to the family.

#TitanPMR #CommunityPharmacy #PharmacyLife #CliftonPharmacy #PoweredByTitan
",2026-04-09 08:00,https://www.linkedin.com/feed/update/urn:li:ugcPost:7447901190161506304,14,13,,,1,,,,93,4,1189,9.34,,,,VIDEO
"""What really makes the difference is the support behind it.""

Nas is a pharmacist. Not just on paper — she ran a dispensary. She knows the morning rush, the workaround culture, the staff who've been doing it one way for years.

When Abell Chemist went live on Repeat Flow, Nas didn't just train them on buttons. She tailored the rollout to how their pharmacy actually works.

The result? A 5-star Trustpilot review. Unprompted.

""It's been a total game-changer for our repeat prescription process.""

Noticeable improvement in efficiency. Staff who feel confident. A team that trusts the system because someone who's lived it showed them how.

That's the difference between software and support.

#TitanPMR #TitanRepeat #CommunityPharmacy #PharmacyWorkflow",2026-04-11,,,,,,,,,,,,,,,,,
"From 2,500 to 40,000 items a month.

And finally getting your weekends back.

This is what happens when you stop being the bottleneck.

Geoff Thomas at Malpas Pharmacy. Two branches. Sixteen times the volume. Saturdays back.

See how 👇

📖 Read the case study: bit.ly/4t9i8cd
🎥 Watch the video: youtu.be/npVdzyaCpt8

#TitanPMR #CommunityPharmacy #PharmacyWorkflow #DigitalPharmacy #PharmacyLeadership #NHSPharmacy",2026-04-13 07:00,https://www.linkedin.com/feed/update/urn:li:share:7449335617173393409,6,6,,,,,,1,31,2,836,4.78,,,,IMAGE
"There comes a point where “that’s just how we’ve always done it” stops being good enough.

That’s why Alice, an ACT at Malpas Pharmacy, says:
“This is what we’ve been waiting for.”

Because when Titan lands, the benefits are felt across the whole team.

• The workflow runs more smoothly
• Barcode scanning adds confidence
• No more bottlenecks 
• Scripts move faster
• Pharmacists are freed up for patients
• And the pharmacy feels safer, easier, and more in control

That is what modern pharmacy should feel like.

#TitanPMR #CommunityPharmacy #PharmacyWorkflow #Dispensing
",2026-04-14 07:21,https://www.linkedin.com/feed/update/urn:li:ugcPost:7449703265845481472,3,3,,,,,,1,32,2,777,4.89,,,,VIDEO
"Geoff runs 40,000 items a month at Malpas.

No chaos. No overload. No weekends lost to the dispensary.

That doesn't happen by accident.

When we visited, the thing that stood out wasn't the volume.
It was the calm.

A smarter workflow. A team that isn't firefighting.
A pharmacy that keeps growing without burning out the people inside it.

👇 What does a calm day look like in your pharmacy?

📖 Full case study & video in the comments.

#TitanPMR #CommunityPharmacy #PharmacyWorkflow #PharmacyLife #DigitalPharmacy",2026-04-15 13:01,https://www.linkedin.com/feed/update/urn:li:ugcPost:7450151332675534848,16,14,2,,,,,4,1119,4,1227,93.15,,,,DOCUMENT
"TitanUp 26 is now full.

And that means something.

Not because “sold out” looks good on a graphic, but because it says something real about what pharmacy owners are looking for right now.

Less noise.
More clarity.
Better answers.

How do you grow without adding chaos?
How do you build private services that actually work?
What does AI look like when it changes the workday, not just the pitch deck?

That is the reason TitanUp matters this year.

If you’ve got a place, we can’t wait to see you there.

If you missed out, stay close.
We’ll be sharing more over the next few weeks.

You can also join the waitlist at titanup.club

#TitanUp26 #CommunityPharmacy #PharmacyBusiness #PharmacyInnovation",2026-04-15 08:16,https://www.linkedin.com/feed/update/urn:li:share:7450079509233635328,17,11,6,,,,,1,26,2,769,5.98,,,,IMAGE
"Last week in Leicester, we heard the same thing from pharmacy owners again and again.

⏱️ Less time stuck checking.
💼 More time for services.
🛡️ Stronger safety.
😮‍💨 Less pressure on the team.

That is the real shift.

Not more noise.
Not more admin.
A better system carrying more of the work.

Huge thanks to everyone who joined us 🙌

📍 Where should Team TITAN turn up next?

#TitanPMR #CommunityPharmacy #PharmacyTechnology #PharmacyInnovation",2026-04-16 07:00,https://www.linkedin.com/feed/update/urn:li:ugcPost:7450281226361434112,42,42,,,,,,1,1229,4,2512,50.8,,,,MULTIIMAGE
"Events like these are where the real conversations happen.

Not the ones on LinkedIn.

The ones between independents, suppliers, and the people actually shaping what comes next.

The @Pharmacy Business Conference is this Sunday. 📍

Funding pressures. Technology decisions. Business models that have to work in five years, not just survive next quarter.

Titan will be there.

If you're going, come find us. 👋

📍 London Hilton Wembley | This Sunday

#TitanPMR #PharmacyBusiness #CommunityPharmacy #PharmacyInnovation #PBConference",2026-04-17 11:00,https://www.linkedin.com/feed/update/urn:li:share:7450815971172315136,13,11,,,2,,,1,11,4,548,5.29,,,,IMAGE
"This one's for everyone in pharmacy 👇 

and one we're excited for at the @Pharmacy Business Conference.

'Embracing Technological Innovation'

• @Tariq Muhammad, CEO, @TITAN PMR
• @Cyrus Hodivala, @Meditech UK & I
• Patrick Gompels, Gompels Pharmacy

Moderated by @Amerjit Singh, @Skills4Pharmacy

UK pharmacy is in the middle of a technological revolution.

The technology exists.
The rollout is real.

The transformation is happening for the pharmacies embracing it.

This panel is about what that actually looks like.

📍 London Hilton Wembley | This Sunday

What's the one thing you'd want them to answer? 👇

#TitanPMR #PharmacyBusiness #CommunityPharmacy #PharmacyInnovation #DigitalHealth",2026-04-18 07:00,https://www.linkedin.com/feed/update/urn:li:share:7450939680449171456,56,54,2,,,,,2,67,7,1704,7.75,,,,IMAGE
"What. A. Day. 💙

@Pharmacy Business Conference 2026. PBC's 10th year.

@Tariq sat with @Cyrus Hodivala from @Meditech UK & I and @Paddy Gompels from @Gompels Pharmacy on the Embracing Technological Innovation panel, moderated by the amazing @Amerjit Singh from @Skills4Pharmacy.

One thing @Tariq said from the stage stayed with the room. ""The things pharmacy is still crying about today are the things he was crying about 30 years ago.""

At our stand, @TITAN PMR and @TITANVERSE side by side, the day told its own story.

@Maj Khaliq & @Nas Khaliq running demos non-stop. @Sajid Ramzan and @Wahid Muhammad deep in it with pharmacists & partners (@Sajid also, as ever, Chief Food Officer).

Partners like @Balal Anwar were in the thick of it with us. Customers like @Dervis Alkan Gurol, @Tas Bhatti and @Nahria Amin Nusrat travelling in to be part of the day.

A lot of mugs (the coffee kind). A lot of totes & stickers!

Thank you for throwing a well-needed, amazing event, @Pharmacy Business! 

Happy 10 year anniversary 🎉

Full panel, behind the stand and stories from the day all coming this week 💙

#PBConference26 #TitanPMR #CommunityPharmacy",2026-04-20 08:15,https://www.linkedin.com/feed/update/urn:li:ugcPost:7451891198941630464,37,33,3,,1,,,1,760,7,1529,52.65,,,,MULTIIMAGE
"We have more data than ever before

But what does the data actually tell us?

@Tariq on the @Pharmacy Business Conference panel last Sunday

Every prescription. Every patient interaction. Every operational touchpoint. Every line of the financials

The question has stopped being where the data comes from

The question is what we do with it

And the data is telling pharmacy owners what the numbers already show. The margin isn't in NHS work any more. It's in private

That is the direction of travel

Not because anyone is walking away from the NHS. Because the numbers are not a matter of opinion

👇 What is your data telling you right now?

#TitanPMR #CommunityPharmacy #PharmacyBusiness #PharmacyLeadership #PharmacyData #DigitalPharmacy #PBC2026",2026-04-21 07:06,https://www.linkedin.com/feed/update/urn:li:ugcPost:7452236172719828992,41,39,1,,,1,,5,173,5,2023,11.07,,,,VIDEO
"Now this is dedication 🎉

Flying in from Belfast for #TitanUp26. Checked in at titanup.club. See you in Birmingham, @Eoghan.",2026-04-21 06:30,https://www.linkedin.com/feed/update/urn:li:share:7452093996899790849,4,4,,,,,,,11,,560,2.68,,,,TEXT
"They say you can’t teach an old dog new tricks. 👀


“Very good. Saves me a lot of free time, and I can do my clinical services.” 💬

That’s what a PMR should do. ✅

Dispensary sorted.
Next step: @TITANVERSE ✨

#TitanPMR #CommunityPharmacy #PharmacyAutomation #PharmacyWorkflow #Dispensing #PharmacyLife",2026-04-22 12:16,https://www.linkedin.com/feed/update/urn:li:ugcPost:7452676589009604610,19,18,,,1,,,,97,2,1310,9.01,,,,VIDEO
"@PharmAppy is sponsoring TitanUp 26.

Here's why that matters.

Every pharmacy has a PMR.

Most don't have a patient app that actually talks to it.

So patients phone.

They phone to check if their script is ready.
They phone to book a service.
They phone to chase an order.

Every call is a minute off your team.

@PharmAppy automates prescription workflows and patient communication.

Ordering, tracking and booking in the patient's hands. App and web.

Integrated with @TITAN PMR, @TITANVERSE and the @NHS, so nothing sits outside the system.

Removes manual admin. Reduces workload across your team.

Your phone stops ringing.

Come and see it running live. Birmingham. June 7th.

👉 titanup.club

@PharmAppy @Rhys Lloyd @Josh A.

#TitanUp26 #DigitalPharmacy #PharmacyTech #CommunityPharmacy
",2026-04-23 06:59,https://www.linkedin.com/feed/update/urn:li:ugcPost:7452959279755522049,22,20,2,,,,,2,54,7,906,9.38,,,,VIDEO
"The phone used to ring 

and Jeet's heart would sink.

Every call felt like the start of a complaint. A wrong label. A missed dose. Something his team had got wrong.

That's what running a pharmacy on a system you can't trust feels like 📞

Now the phones ring and his team picks up faster.

Because they know the dispense was right. Barcode scanned. Clinically checked. Logged.

So a phone call isn't a problem anymore. It's an opportunity.

A clinical service. A patient to bring in. A reason to grow.

✅ Confidence built into every dispense
✅ Errors caught before they leave the counter
✅ A team that picks up the phone, instead of dreading it

👉 titanpmr.com

#TitanPMR #CommunityPharmacy #PharmacySafety #PharmacyConfidence",2026-04-27 07:02,https://www.linkedin.com/feed/update/urn:li:ugcPost:7454409495147003905,13,13,,,,,,1,65,2,1318,6.15,,,,VIDEO
"Before, Geoff was the funnel at his pharmacy.

Every prescription, every check ending with him. 

Going home, worrying he'd missed something.

Today, Malpas runs 40,000 items a month across two sites. The volume holds.

But the most interesting part is what Geoff is doing with his time now:

✅ Training his team
✅ Building out clinical services
✅ Running 4 consultation rooms today, with 2 more on the way
✅ Independent prescribers and ACTs running services every hour, nine till six

A community health centre. Not a dispensary trying to keep up.

That's what happens when the pharmacist isn't the bottleneck anymore. The work doesn't stop. It moves.

👇 If you weren't the funnel, where would you put your time?

📖 Read the full case study: bit.ly/4sCP2kp

#TitanPMR #CommunityPharmacy #PharmacyServices #PharmacyWorkflow #PharmacyLeadership",2026-04-28 07:54,https://www.linkedin.com/feed/update/urn:li:ugcPost:7454784271577427969,13,10,3,,,,,1,56,3,1325,5.51,,,,VIDEO
"Nearly 3,000 pharmacies are making buying decisions through one platform right now.

Drug Comparison. Built by a pharmacy owner. Independent. Not a wholesaler. Not a buying group.

What it does:

📊 Compares prices across every supplier in real time
🔒 Tightens branch control for multi-site groups
📉 Surfaces the data that actually drives savings
🏭 DC Warehouse lets groups buy centrally and supply their own branches
📡 DC Market Intel gives you live price and stock monitoring

The problems it solves:

✅ Volatile pricing you only catch on the invoice
✅ Supplier complexity across multiple accounts
✅ Stock gaps nobody is tracking properly
✅ Margin pressure with no visibility on where it leaks

@Drug Comparison is sponsoring TitanUp 26. Come and talk to the team about what your pharmacy could be saving.

Birmingham. June 7th.

👉 titanup.club

@Drug Comparison @Sarfaraz Juma

#TitanUp26 #PharmacyMargins #CommunityPharmacy #PharmacyBusiness",2026-04-29 13:00,https://www.linkedin.com/feed/update/urn:li:ugcPost:7455219221212471296,11,11,,,,,,,36,3,767,6.52,,,,VIDEO
"From Stone Age to Titan Age in 24 hours.

Hamal at S&G Pharmacy. First day of Titan training.

✔️ Accuracy checks running on a handheld device.
✔️ Batch Flow cutting dispensing time by 40-50%.
✔️ Work that used to take two full days, done in half of one.

Even with one PC. You can already see the change.

“We cannot believe the difference it has made for dispensing.”
“Can’t go back.”

Welcome to the Titan Age.

#TitanPMR #CommunityPharmacy #PharmacyTechnology #PharmacyWorkflow #Dispensing",2026-04-30 10:00,https://www.linkedin.com/feed/update/urn:li:share:7455533315807408129,29,28,1,,,,,,130,3,2994,5.41,,,,IMAGE
"NHS prescription tracking notifications are due to begin rolling out for TITAN PMR customers during May 2026.

Patients using the NHS App, with notifications enabled, will be able to receive updates when their medicines are:

✅ Ready to Collect
✅ Part ready to collect

The feature is designed to reduce prescription status enquiries to pharmacies, helping to free up staff time while giving patients clearer updates through the NHS App.

The notification feature runs automatically in the background as pharmacies manage their normal dispensing operations.

A simple but important step in connecting pharmacy workflows with national NHS digital infrastructure.

#TITANPMR #NHSApp #CommunityPharmacy #PharmacyWorkflow #DigitalPharmacy
",2026-05-06 07:00,https://www.linkedin.com/feed/update/urn:li:share:7457670536521949184,28,27,1,,,,,1,50,2,2204,3.68,,,,IMAGE
"A consultation room can sit empty.

Or it can become a new private service revenue stream.

That is the shift Clear Clinics helps pharmacies make.

Ear care is one of the cleanest private services a pharmacy can launch.

A clear patient need.
A defined appointment.
A service patients are willing to pay for.
And a reason for them to come back.

Clear Clinics helps community pharmacies launch and scale ear care services with compliant training, endoscope systems, consumables and fast support.

Trusted by 900+ contractors, they enable safe, profitable earwax removal and hearing screening in pharmacy settings.

Not just equipment.

The training, tools and service model to make ear care work properly inside a pharmacy.

Clear Clinics will be joining us at TitanUp 26.

Come and see how pharmacies are turning consultation rooms into private service revenue.

📍 Birmingham
📅 June 7th
🔗 titanup.club

@Mohammed K.

#TitanUp26 #ClearClinics #EarCare #PrivateServices #CommunityPharmacy #PharmacyServices",2026-05-07 14:03,https://www.linkedin.com/feed/update/urn:li:ugcPost:7458139280599691264,9,8,,,1,,,,5,3,467,3.64,,,,VIDEO
"“The tools Titan has built support the whole pharmacy ecosystem.”

That’s @Jaya at Marton Road Pharmacy.

And he didn’t jump in straight away.

When Titan first launched, his pharmacy was a smaller operation.
The timing wasn’t right.

Now the pressure is different.

Two pharmacies.
More workload.
Rising staffing costs.
More services to deliver.

So this time, Jaya went all in.

✅ Titan PMR
✅ Hub and spoke
✅ @TITANVERSE
✅ @PharmAppy

In nearly four weeks, 500 patients have registered through PharmAppy.
200+ orders have already come through the platform.

But the bigger point is this:

Jaya isn’t building around one tool.

He’s building around the whole pharmacy.

#TitanPMR #CommunityPharmacy #PharmacyWorkflow #PharmacyTechnology #PharmacyServices",2026-05-08 12:34,https://www.linkedin.com/feed/update/urn:li:share:7458479477417787392,25,25,,,,,,10,45,4,1157,7.26,,,,IMAGE
"Used by 1,800+ pharmacies, PharmDel replaces paper delivery sheets, manual tracking, and disconnected updates with one connected system.

Founded by a pharmacist, it was built for the reality of pharmacy delivery:

📦 Pharmacy dashboard
🚗 Driver app
📲 Patient notifications
🔗 PMR integration
✅ Compliance tools

One connected system for safer, more accurate, more efficient deliveries.

And with its white-label patient app, pharmacies can bring more of the delivery experience under their own brand.

PharmDel is coming to TitanUp 26. You'll be able to see it running live:

📍 Stand 8
📍 Birmingham
📍 June 7th

👉 titanup.club

@Pharmdel / AppandTap

#TitanUp26 #PharmacyDelivery #CommunityPharmacy #PharmacyTechnology",2026-05-09 11:21,https://www.linkedin.com/feed/update/urn:li:ugcPost:7458823575429496832,12,11,,1,,,,,28,5,627,7.18,,,,VIDEO
"Meditech has over 3,500 live installations worldwide.

In the UK, 40+ Titan pharmacies are already running Meditech robots.

So it makes sense that Meditech will be at TitanUp 26.

This is where pharmacy automation stops being theory and starts being something you can walk up to.

When automation works properly, the PMR and the robot don't feel like two separate systems.

They work as one flow.

Prescription data moves cleanly. Picking is supported. Dispensing pressure drops. The team gets more time back.

At TitanUp 26, you'll be able to see that workflow up close, with a demo picking head on the stand.

Stand 21. Birmingham. 7 June.

👉 titanup.club

@Meditech UK & I

#TitanUp26 #PharmacyAutomation #CommunityPharmacy",2026-05-11 15:00,https://www.linkedin.com/feed/update/urn:li:ugcPost:7459603359562358785,26,26,,,,,,3,51,3,857,9.68,,,,VIDEO
"Word is spreading about the Titan ecosystem.

We didn't expect it to reach this far.

In Jaya's words: ""My customers are coming from far and beyond 😆""

When a pharmacy delivers a great service, word gets around. And now, apparently, even across galaxies.

The force is strong with this one. 🖤

Amazing work @Jaya Sai Vamsi Reddy Authunuri  

@PharmAppy
@Avonnex- Pharmacy Automation
@TITANVERSE

#TitanPMR #TITANVERSE #PharmAppy #CommunityPharmacy #TravelVaccine",2026-05-11 08:00,https://www.linkedin.com/feed/update/urn:li:share:7459497560391626752,51,45,3,,,,3,7,124,4,2530,7.35,,,,IMAGE
"The man who put Titan into 1,000+ pharmacies says most owners are still picking the tools before they've picked the plan.

@Tariq Muhammad opens TitanUp 26 with a reset on what a modern pharmacy business is actually for.

Finance First. 10:20. June 7. Affinity 2.

Tariq keeps coming back to one question most strategy decks skip:

What is a modern pharmacy business actually for?

Finance First is his answer.

The plan first. The systems next. The tools after.

For owners rethinking their model, this is the one to sit in.

See you in Birmingham.

👉 titanup.club

#TitanUp26 #PharmacyBusiness",2026-05-12 12:45,https://www.linkedin.com/feed/update/urn:li:ugcPost:7459931796831420417,39,35,3,,,,,2,102,3,1401,10.42,,,,VIDEO
"Heads up: going to TitanUp 26? 

RSVP at titanup.club

See you in Birmingham. 🎉",2026-05-13 16:11,https://www.linkedin.com/feed/update/urn:li:ugcPost:7460346072784130048,18,15,2,,,,,,38,2,622,9.32,,,,VIDEO
"95% pass rate. NHSE-approved training plan.

Preregshortcuts is a leading pharmacy training provider, supporting trainee pharmacists and supervisors throughout the foundation year.

Co-founded by pharmacists Marvin Munzu and Umar Majid.

That’s why we’re proud to have them sponsoring TitanUp 26.

Because foundation training shouldn’t sit outside the pharmacy business. Done properly, it strengthens it.

Trainee pharmacist. Qualified pharmacist. Independent prescriber.

A clearer pathway for the person. A stronger future for the pharmacy.

On the stand:

* Free Oriel guidance
* NHSE-approved training plan
* On-demand learning, mock exams and progress tracking
* Designated supervisor and Designated Prescribing Practitioner support

For TitanUp attendees:

* 55% off the programme
* Free supervisor training
* Flexible 1-year and 6-month options for split placements
* Free goodie bags on the stand

Come and meet Marvin Munzu and the team.

Birmingham. 7 June.

👉 titanup.club

@preregshortcuts @Marvin Munzu @Umar Majid

#TitanUp26 #FoundationPharmacist #PharmacyTraining #IndependentPrescribing #CommunityPharmacy",2026-05-13 10:00,https://www.linkedin.com/feed/update/urn:li:ugcPost:7460252701927530496,10,7,,,,,,,19,2,465,6.67,,,,VIDEO
"For sixty years, one layer of pharmacy has outlasted every technology shift.

Tech keeps changing the dispensary and how teams work, but the consumables holding the workflow together still have to be right.

That work never stops.

EMT Healthcare have been delivering those consumables to thousands of pharmacies, from independents to multiples and national chains.

A trusted brand and long-term partner, they help pharmacies meet tough market demands, from managing costs to launching new innovations, delivering automations and supporting community services.

PMR labels.
MDS trays.
Drug storage.
Automation consumables.

The technology changes. The work to keep dispensing moving has to evolve with it.

At TitanUp 26, EMT will be showcasing their PMR label and accessory range, including own-brand labels designed to keep patient information clear, compliant and unmistakably theirs.

Come and meet Rich Muir and the EMT team.

Stand 2. Birmingham. 7 June.

👉 titanup.club

@EMT Healthcare   

#TitanUp26 #CommunityPharmacy #PharmacyDispensing",2026-05-14 17:00,https://www.linkedin.com/feed/update/urn:li:ugcPost:7460720675398381568,18,18,,,,,,2,54,7,787,10.29,,,,VIDEO
"After 25+ years building pharmacy technology, @Wahid takes the stage with five ideas that could change what a pharmacy business is capable of.

A first look at the ideas, demos and technology shaping the next decade of pharmacy.

The session for anyone asking what happens when technology stops being a back-office tool and starts being an active part of the team.

@Wahid Muhammad. CTO. TITAN PMR.

Affinity 1. 11:00. June 7th. Birmingham.

👉 Check out the full line up for the day at titanup.club

#TitanUp26 #PharmacyTech",2026-05-14 11:06,https://www.linkedin.com/feed/update/urn:li:ugcPost:7460631529786953729,20,19,,,,,,,57,3,701,11.41,,,,VIDEO
"Over 6 million Pharmacy First consultations. Independent prescribing landing this September. Private services scaling.

Three clinical lanes dispensing alone was never built to carry.

Each one demands something new.

A clinical reasoning trail.

Red-flag checks.

Documented decisions that hold up under audit.

That's what DemDx was built for.

A CE-marked clinical reasoning platform, developed by clinicians. NICE-aligned. 600+ conditions.

How DemDx helps you:
✅ Safer, smarter, more consistent clinical decisions
✅ Structured, gold-standard documentation
✅ More time back in your day

At TitanUp 26, Dr Lorin Gresser and the team will be running live demos. Walk up, run a case, see the reasoning trail form.

Stand 3. Birmingham. 7 June.

👉 titanup.club

@DemDx

#TitanUp26 #PharmacyFirst #CommunityPharmacy",2026-05-15 08:05,https://www.linkedin.com/feed/update/urn:li:ugcPost:7460948576253243392,10,10,,,,,,,28,4,540,7.78,,,,VIDEO
"We're excited to see what @Steve Baker and Tommy Willan are setting up for TitanUp 26.

The Sublime Group are bringing something pretty special to the room: an example of their dispensary furniture, modelled to assist the Titan workflow.

Sublime manufacture pharmacy furniture in-house from a fully equipped factory in Kent.

Their CNC machinery gives them flexibility in production and helps them create cost-effective solutions for pharmacies.

They supply dispensary and retail furniture, with full design and shopfitting services available where required.

Come and see it in person at TitanUp 26.

Stand 16. Birmingham. 7 June.

👉 titanup.club

The Sublime Group

#TitanUp26 #CommunityPharmacy #PharmacyDesign #PharmacyWorkflow",2026-05-16 17:31,https://www.linkedin.com/feed/update/urn:li:ugcPost:7461453335120769024,13,12,,,,,,,25,4,591,7.11,,,,VIDEO
"Dispensing for care homes carries weight.

Compliance packs. Weekly cycles. MAR charts. GP sign-offs. Late dose changes mid-cycle. Audit trails for every dose.

The dispensing itself is hard enough.

The communication around it is where things break.

Camascope connects pharmacy dispensing systems, including Titan, Proscript and RxWeb, with care home planning systems like Nourish and PCS through one Care Home & Pharmacy Portal.

GP proxy ordering is built in.

3,500+ care organisations already use it.

Fewer phone calls. Fewer duplicate entries. Better visibility. A more connected care home workflow.

At TitanUp 26, Mohsin Ghori and Farhat Ali will be running live demos at Stand 18.

Full Titan integration. Barcode scanning. Simple setup. No need for additional clinical checks.

Stop by, see Camascope in action, and pick up some free merch while you're there.

Stand 18. Birmingham. 7 June.

👉 titanup.club

@Camascope

#TitanUp26 #CommunityPharmacy #CareHomes #eMAR",2026-05-17 17:00,https://www.linkedin.com/feed/update/urn:li:ugcPost:7461807792681676800,19,18,,,1,,,,50,8,960,8.02,,,,VIDEO
"The NHS contract alone won't build the pharmacy business most owners actually want.

That's the commercial reality @Hooman Ghalamkari is tackling at TitanUp.

At 11:50, he'll cover:

→ Providing private services leads to pharmacy sustainability

→ How Titanverse supports a more commercially resilient services model

→ How Titanverse's commercials encourage growth in private services

Hooman is the COO who made sure Titan worked in real pharmacies.

Two decades on the operational side of pharmacy software. Now helping pharmacies think commercially about what comes next.

A clear, grounded session for Titan customers who want to thrive, not just survive.

June 7th. Birmingham. 11:50.

→ titanup.club

#Titanverse #TitanUp2026",2026-05-17 10:30,https://www.linkedin.com/feed/update/urn:li:ugcPost:7461709673306415104,24,21,1,,,,,,45,4,883,8.27,,,,VIDEO
"What happens when pharmacy strategy meets board-level regulatory experience?

At TitanUp 26, that answer is on Stand 17.

@Michael Holden FRCPharm FRSPH brings 15 years owning a community pharmacy group, plus three years leading the National Pharmacy Association.

Strategy grounded in dispensing, hiring, refits and surviving the realities of pharmacy ownership.

@Victoria Steele FRCPharm brings years of governance experience across GPhC and MHRA approvals at Hallo Healthcare Group.

Regulatory insight tested at board level, in environments serving millions of patients.

Together, MH Associates and Steelier have built the Modern Community Pharmacy Practice movement.

A strategic business planning model designed to help pharmacies move from vision to profit.

At TitanUp 26, you can walk through the model on iPad, pick up a handout, and see how it applies to your own pharmacy’s future.

Stand 17. Birmingham. 7 June.

👉 titanup.club

@MH Associates @Steelier

#TitanUp26 #CommunityPharmacy #PharmacyPractice",2026-05-18 07:00,https://www.linkedin.com/feed/update/urn:li:ugcPost:7462019225252032512,11,10,,,,,,1,15,5,569,5.62,,,,VIDEO
"One of the UK’s leading pharmacy apprenticeship providers.

That's @Skills4Pharmacy.

A training provider dedicated to initiating and furthering the careers of Pharmacy Technicians and Pharmacy Assistants. High-quality programmes. Tutors who guide and support learners through to certification.

At TitanUp 26, @Skills4Pharmacy is showing how their apprenticeship programmes are supporting employers to deliver the NHS 10 Year Plan. Developing the next generation of pharmacy professionals and helping teams stay ready for the work pharmacy is being asked to do.

@Jay Crabb and @Sarah Dempsey will be at Stand 7. Bring your workforce questions.

Birmingham. 7 June.

👉 titanup.club

@Skills4Pharmacy

#TitanUp26 #PharmacyApprenticeships #CommunityPharmacy",2026-05-19 17:25,https://www.linkedin.com/feed/update/urn:li:ugcPost:7462538967599599616,58,57,,,1,,,,75,14,1418,10.37,,,,VIDEO
"UK pharmacy has spent years adding services.

What hasn't caught up is how pharmacies sell them.

Rhys Lloyd and the PharmAppy team are changing how UK pharmacies think about B2C marketing.

At TitanUp 26, Rhys is taking the stage to make the case in person.

Because pharmacy services don't grow on availability alone.

Patients need to find them.

Book them.

Pay for them.

Complete the pre-consult.

And come back again.

That's the gap PharmAppy is built to close.

A connected digital shopfront for pharmacy services, bringing together your website, app, bookings, marketing, patient engagement and PMR workflows inside TITANVERSE.

AI-powered marketing to reach the right patients at the right time.

Patient intelligence dashboards to show what's working.

New services that launch in seconds, with AI helping build the patient-facing page for you.

Already live at Priory Pharmacy with Prabjaudt and the team. Appointments, payments and pre-consults running end-to-end through the integration.

@Rhys Lloyd. Co-Founder & CEO. @PharmAppy.

Affinity 1. 14:00. June 7th. Birmingham.

👉 titanup.club

@PharmAppy @RHYS Lloyd

#TitanUp26 #PharmacyMarketing #PharmacyServices",2026-05-19 07:00,https://www.linkedin.com/feed/update/urn:li:ugcPost:7462381599943397376,18,18,,,,,,,27,8,717,7.39,,,,VIDEO
"Most pharmacies don't know what their own website looks like to an attacker.

Public-facing services. Email security gaps. SSL weaknesses. Credential trails.

The bits already visible online, before anyone touches a system.

That's where Cyber Seigen come in.

An independent cyber security and digital risk assurance provider supporting pharmacy, primary care and healthcare organisations.

What they do:
- Penetration testing
- DSPT support
- Cyber Essentials assessments
- Awareness training

Governance-aligned security and compliance, built for healthcare environments.

At TitanUp 26, Junaid Ali and Kam Hussain will be on the stand.

Showing how real-world phishing attacks target pharmacy teams. Attendees can test themselves against live examples.

They've also built a TitanUp 26 landing page.

30 complimentary pharmacy exposure reviews for attendees, live now at https://lnkd.in/eN3eZDWf.

Stand 6. Birmingham. 7 June.

👉 titanup.club

@Cyber Seigen @Mohammed Junaid Ali
 


#TitanUp26 #PharmacyCyber #CommunityPharmacy",2026-05-20 17:00,https://www.linkedin.com/feed/update/urn:li:ugcPost:7462894964377579520,17,14,,,2,,,1,69,6,744,12.5,,,,VIDEO
"Private pharmacy services come with huge potential.

But they also move more responsibility onto the pharmacy.

That’s the tension Ghulam Haydar will be unpacking at TitanUp 26.

When you design and deliver your own services, governance cannot be an afterthought. It has to run through how the service is built, delivered, recorded and reviewed.

Ghulam’s motto is simple:

Protect patients. Protect yourself. Protect your business.

And that is exactly where this session lands.

What do private services actually require if you want to scale them safely?

✅ Is the service clinically safe?
✅ Is the team trained to deliver it?
✅ Can the workflow stand up to pressure?
✅ Is the digital system built for the risk?

Ghulam will show how @TITANVERSE helps build those expectations into the everyday delivery of pharmacy services.

So growth does not depend on crossed fingers, scattered records or systems that were never built for the job.

@Ghulam Haydar.
Director for Governance and Compliance, Allied Health Training.

14:25. 7 June. Birmingham.

👉 titanup.club

Allied Health Training Ghulam Haydar

#TitanUp26 #PharmacyGovernance #PrivateServices",2026-05-20 07:00,https://www.linkedin.com/feed/update/urn:li:ugcPost:7462744007388024832,25,24,1,,,,,2,69,7,1063,9.69,,,,VIDEO
"Titan, @BD Rowa and Balance Pharmacy are cooking something up.

Swipe to see what's coming. 👀

Spots are limited. Book yours at bit.ly/4dFRBg8",2026-05-21 10:06,https://www.linkedin.com/feed/update/urn:li:ugcPost:7463153170706382848,17,14,,,1,1,,,1044,6,1437,74.25,,,,DOCUMENT
"One login. One workflow. One connected ecosystem.

Less time chasing systems.
More time delivering care.
More revenue opportunities.
Better patient retention.

This is what the future of pharmacy looks like.

This is the TITAN PMR WAY 

www.titanpmr.com",2026-05-21 08:29,https://www.linkedin.com/feed/update/urn:li:ugcPost:7463128793000521728,4,3,,,,,,,2,1,280,2.5,,,,TEXT
"If you work in community pharmacy, there are two people worth getting to know.

Both are independent pharmacy contractors.

Both are board members at @IPCN - Independent Pharmacy Contractors Network.

The only co-operative member-owned pharmacy contractor organisation in the sector.

A group that believes in collaboration over competition.

Owned by contractors. Run by contractors. For contractors.

An ethos of collective support to move the sector forward. Working together, sharing insights, supporting one another.

What that looks like in practice:

Specialised peer-support groups across:

✅ Pharmacy acquisition
✅ NHS contract support
✅ Staff management
✅ IT and PMRs
✅ Robots and automation
✅ Clinical support
✅ Locum shifts
✅ Foundation year

Members sharing what's worked and what hasn't, openly with each other.

They also lobby CPE, DHSC and national bodies, and run grassroots campaigns on the structural challenges facing independents.

Catch @Tas and @Dervis at Stand 19.

No big demo. Just a useful conversation.

Birmingham. 7 June.

👉 titanup.club

#TitanUp26 #CommunityPharmacy #IndependentPharmacy",2026-05-22 07:00,https://www.linkedin.com/feed/update/urn:li:ugcPost:7463468765448552450,16,16,,,,,,,36,5,854,6.67,,,,VIDEO
"A day about supercharging pharmacy business.

There's only one publication that makes sense in the room.

To tell the story of boosting revenue. Building profit. Levelling up in an industry that doesn't make it easy.

We're putting the brightest minds in pharmacy in one room.

Owners. Operators. Suppliers. Tech teams. The forward thinkers.

Sharing what's working. Building what's next.

The magazine capturing the tone of the day?

@Pharmacy Business. Exclusive media partner for TitanUp 26 🎉

Because this day isn't just for the room.

It's for every pharmacy ready to grow.

Your Pharmacy Business, supercharged.

Captured by Pharmacy Business.

For every pharmacy business that wants in.

7 June · Birmingham · titanup.club",2026-05-23 07:00,https://www.linkedin.com/feed/update/urn:li:share:7463831136146747392,21,18,,,2,,,2,23,6,757,6.87,,,,IMAGE
"For a patient to book a service.

They need to know it exists.

Visibility could be the difference between your service uptake and the pharmacy down the road.

Healthpoint TV have been building pharmacy-specific screens for 25 years:

✅ Tailored creative
✅ Service-led messaging
✅ Same-day changes

Patients ask about ear care once they see ear care. They ask about weight loss once they see weight loss. Visibility on the window turns into walk-ins at the counter.

Ranjit Gill will be on Stand 12. Come and talk about what your pharmacy is trying to grow.

Birmingham. June 7th.

👉 titanup.club

@Healthpoint TV  

#TitanUp26 #PharmacyMarketing",2026-05-24 07:00,https://www.linkedin.com/feed/update/urn:li:ugcPost:7464193546053402624,16,14,,,1,,,1,36,5,668,8.68,,,,VIDEO
"Theory won't run your private clinic.

Allied Health Training is the training and education provider built for that gap:

✅ Hands-on
✅ Practical
✅ Immersive

Comprehensive, specialised programmes designed for the clinical areas modern pharmacy practice is being asked to deliver.

Co-founders Abdullah Bhana and Ishaq Goga will be on the stand. Come and explore upcoming courses. Have a chat about your team's development needs.

A one-off, on-the-day discount for everyone who stops by.

Birmingham. 7 June.

👉 titanup.club

@Allied Health Training  @Abdullah Bhana @Ishaq Goga  

#TitanUp26 #CommunityPharmacy #PharmacyTraining",2026-05-25 13:00,https://www.linkedin.com/feed/update/urn:li:ugcPost:7464646490406322176,18,17,,,,,,3,40,3,726,8.82,,,,VIDEO
"Stop worrying about what you can't control. 

Start working on what you can.

That's what @Michael Holden believes.

His answer is four words:

Vision. Strategy. Execution. Profit.

One business strategy for modern community pharmacy.

Michael Holden's session at TitanUp 26 is built around six elements that turn vision into profit:

✅ Leadership. Climate and culture.
✅ Team. Skill-mix and delegation.
✅ Services. Funded, private, governed.
✅ Technology. Integrated, not bolted on.
✅ Self-care. Environment, ethos, inventory.
✅ Roadmap. Critical steps to execution.

A strategy for now and the future.

One of the main drivers behind the Healthy Living Pharmacy initiative. Over 45 years in pharmacy. Pharmacy Business Lifetime Contribution Award, October 2024.

Co-hosted with @Victoria Steele.

Affinity 1. 14:50. 7 June. Birmingham.

👉 titanup.club

#TitanUp26 #PharmacyLeadership",2026-05-26 11:20,https://www.linkedin.com/feed/update/urn:li:ugcPost:7464983839187136512,18,17,,,,,,4,41,2,788,8.25,,,,VIDEO
"Eid al-Adha Mubarak from all of us at Titan.

To every pharmacy team working today while observing Eid, thank you.

Community pharmacy doesn't close. Your service to patients today is no small thing.

🌙 Wishing you peace, family, and a moment to pause.

#EidAlAdha #EidMubarak #CommunityPharmacy
",2026-05-27 07:00,https://www.linkedin.com/feed/update/urn:li:share:7465280728843472896,27,27,,,,,,,6,1,457,7.44,,,,IMAGE
"@Victoria steered clinical governance for 1,400 LloydsPharmacy branches.

Then through the acquisition that moved 10 million patients into Hallo Healthcare Group, with approvals secured from the GPhC, MHRA and beyond.

That's the kind of work that teaches you what actually separates pharmacy vision from pharmacy profit. Compliance that survives scrutiny. Governance that supports growth instead of stalling it. Cultures that prioritise accountability, safety and performance at the same time.

Now Victoria runs Steelier, advising pharmacy owners, investors and private equity on how to navigate regulatory complexity without losing the room to grow.

At TitanUp 26, she co-hosts From Vision to Profit with Michael Holden. Modern Community Pharmacy Practice, the framework they built together to take owners through an honest self-assessment of their business and out the other side with a roadmap.

Affinity 1. 14:50. 7 June. Birmingham.

👉 titanup.club

#TitanUp26 #PharmacyLeadership",2026-05-28 07:00,https://www.linkedin.com/feed/update/urn:li:ugcPost:7465643062317391873,29,25,,,1,,,1,51,6,1157,7.52,,,,VIDEO
"How do you take a pharmacy built on dispensing and turn it into a modern clinical business?

That's the question @Rahul Puri has been answering at Puri Pharmacy.

Two branches in Southall and Hillingdon, now run day to day by Rahul as Superintendent Pharmacist.

He's taken a long-standing community pharmacy and pushed it somewhere new.

Clinical services built into a real revenue line.
Titan and Titanverse running the workflow underneath.
A sharper website and chatbot bringing the right patients in.

NHS care and private services, grown side by side.

That's the shift this whole day is about. Rahul has been quietly living it.

At TitanUp 26 he walks through how he did it.

Rahul Puri. Superintendent Pharmacist. Puri Pharmacy.

Affinity 2. 15:15. 7 June. Birmingham.

👉 titanup.club

#TitanUp26 #PharmacyBusiness #PrivateServices",2026-05-29 11:00,https://www.linkedin.com/feed/update/urn:li:ugcPost:7466065868691677184,15,13,1,,,,,,35,3,645,8.22,,,,VIDEO
"An event is only ever as good as the questions it answers.

And the best questions rarely come from the stage.

They come from the people in the room.

TitanUp 26 is built around what the sector is actually wrestling with. Margin. Private services. Governance. Patient demand.

But how far the day goes depends on what the room brings.

So if you're going, get your questions in before the day on titanup.club. Open any speaker's profile card and send them something specific.

Not the polite question.

The real one.

The one you'd otherwise end up asking on the drive home.

4 days to go.

Birmingham. 7 June.

👉 titanup.club

#TitanUp26 #CommunityPharmacy",2026-06-03 07:00,https://www.linkedin.com/feed/update/urn:li:share:7467817406397259776,12,10,,1,,,,,7,1,338,5.92,,,,IMAGE
"Two days out from TitanUp 26. 

And the thing we cannot stop talking about isn’t on the agenda.

Not the speakers. 
Not the new products. 
Not even the food.

It’s the people. Every one of them walking through that door on Sunday.

An owner travelling over from Ireland for the day. Customers who joined us in 2019, coming back to see what’s next. Owners, superintendents, directors and community pharmacists, more than 300 of them, clearing a Sunday to be in one room.

That tells you something.

The pharmacies making moves now are not waiting for perfect conditions. They are looking at margin pressure, staffing pressure, services pressure and saying: “What are we going to do about it?”

That’s what TitanUp 26 is really about. Not just technology. The people prepared to use it properly, the operators building something stronger, the conversations that only happen when the right room comes together.

See you Sunday. 🎉

TITAN UP 26. Birmingham. 7 June.

👉 titanup.club

#TitanUp26",2026-06-05 11:00,https://www.linkedin.com/feed/update/urn:li:ugcPost:7468602595708874752,15,13,,,,,,,16,3,528,6.44,,,,VIDEO
"Tomorrow.

Who's making the trip? 👇

#TitanUp26
",2026-06-06 08:00,https://www.linkedin.com/feed/update/urn:li:share:7468919644695785474,14,14,,,,,,,10,2,319,8.15,,,,IMAGE
the moment has arrived TitanUp26!,2026-06-07 11:19,https://www.linkedin.com/feed/update/urn:li:ugcPost:7469332176963092481,53,44,2,,,,,1,199,9,2023,12.95,,,,VIDEO
"Just getting started and it’s Buzzing already!

And the special guest is going down a treat.

Coffees flowing. Teas too. Exhibitors packed since the doors opened. 

The room’s deep into networking before the first talk’s even started.

We’re a few minutes out.

If you’re not in the room, follow along. We’ll bring it back to you. 💙",2026-06-07 10:06,https://www.linkedin.com/feed/update/urn:li:ugcPost:7469313804363988992,67,47,3,,,,,1,5109,5,3809,136.05,,,,MULTIIMAGE
"If you run a pharmacy and you genuinely care about where it's going, today's for you. We wish everyone could be here.

Today isn't just for the 300+ owners in Birmingham. It's for every pharmacy owner who's looked at the model and thought, there has to be a different way to grow this.

We can't wait to share the talks with you. They go deep into where pharmacy is heading and how to actually level up in an industry that doesn't make any of this easy.

Not just tech. The kind of thinking that comes from people who've spent years inside the problem and found a way through. Tried, tested, lived with. Ideas you can take home and try yourself.

In the room, see you there. Everywhere else, follow along.

Birmingham. June 7th. 👉 titanup.club",2026-06-07 07:00,https://www.linkedin.com/feed/update/urn:li:share:7469266992743493632,27,24,,,,,,1,135,6,1725,9.8,,,,IMAGE
"What. A. Day. 🎉

The energy in that room was something else.

A line-up of speakers who gave it everything on stage, and a hall full of exhibitors who brought it to life. Some of the best in the business under one roof, showing pharmacy owners what is genuinely possible right now.

Sharp questions, real conversations, and a buzz that ran from the first coffee through to the closing line. (And yes, the food was excellent. Sajid has asked us to confirm that was all his doing.)

To everyone who made the trip, to the exhibitors who made the hall what it was, and above all to the team who pulled this together. Thank you. 💙

Here's the day. 👇

Birmingham. June 7th.

#TitanUp26",2026-06-08 08:09,https://www.linkedin.com/feed/update/urn:li:ugcPost:7469646414290038784,66,1,,,,,,7,176,9,1987,12.98,,,,VIDEO
"Get this one thing wrong, and it can quietly ruin the whole day. Here’s our confession.

At Titan, we love food almost as much as we love technology.

Which is why @Sajid is, by now, universally recognised as our Chief Food Officer. ✨

And to be fair, he has earned the title.

Because at an event like TitanUp, food is not just food.

It is where people pause.

Where conversations start.

Where pharmacy owners, suppliers, speakers, partners and the Titan team actually get a proper moment together.

From the response we’ve had, it’s clear the food landed.

Days on from TitanUp, people are still talking about the Mumbai street food and the chai station almost as much as the announcements on stage.

Almost. 🎉

Credit to Sajid’s palate for that.

He did taste-approve it alongside @Tariq, after all.

And credit to Mumbai Street Food for actually making it.

But behind every great food decision is someone making sure it actually turns up, fits the space, feeds the room, and doesn’t cause absolute chaos.

That’s where @Roxanne Heath and @Olivia Mansfield come in.

Thank you both for coordinating everything behind the scenes.

Without the two of you, it would have been hungry tummies, no seats, and no tables to sit, stand, or gather around.

What was your favourite part of the day?

The food, the conversations, or the announcements on stage? 👇",2026-06-09 11:00,https://www.linkedin.com/feed/update/urn:li:ugcPost:7469899466112696320,26,,,,,,,,1776,3,1216,148.44,,,,MULTIIMAGE
"Loved hearing who Rahul Gogna chose as his favourite speaker of the day.

Especially since that same speaker called it the hardest job of the day. 👀
",2026-06-09 07:00,https://www.linkedin.com/feed/update/urn:li:ugcPost:7469991749952753665,20,,,,,,,2,141,5,1270,13.23,,,,VIDEO
"For years, Titan PMR and @BD Rowa have worked side by side in pharmacies up and down the country.

On Wednesday 24 June, we are bringing that workflow into one room.

An evening at Balance Street Pharmacy in Uttoxeter.
Doors from 6:30pm.

A chance to see how a PMR and a robot working together changes the day on the dispensary floor, and to talk it through with the people who run it and the people who built it.

A hands-on evening where you can actually see 👇
✅ A real look at the partnership in action
✅ Where automation saves time and pressure
✅ How a connected dispensary frees the team for patient care
✅ Conversations with peers who are already doing it

📅 Wednesday 24 June, 6:30pm to 9:00pm
Balance Street Pharmacy, Uttoxeter

👉 Register here: https://bit.ly/4e8p4A0

#BDRowa #TitanPMR #PharmacyAutomation #CommunityPharmacy",2026-06-10 12:00,https://www.linkedin.com/feed/update/urn:li:share:7470429771554922496,17,,,,,,,3,33,5,797,7.28,,,,IMAGE
"Independent pharmacy is not standing still.

And neither is @Tas Bhatti .

As a founding member of IPCN, Tas has been close to the conversations that matter to independent contractors. The daily pressures. The big decisions. The constant question of how pharmacies keep moving forward when dispensing alone is no longer enough.

So it was brilliant to catch up with him at TitanUp 26.

There was plenty to get stuck into on the day.

✅ Robots and automation
✅ The future of PMRs
✅ Titanverse
✅ How pharmacy businesses are changing
✅ And, of course, the food did not go unnoticed ✨

But one of the best parts was hearing Tas talk about where he thinks pharmacy businesses are heading.

From dispensing pressure to the systems, services, and decisions that shape the whole pharmacy business.

A perspective worth hearing.",2026-06-10 07:00,https://www.linkedin.com/feed/update/urn:li:ugcPost:7470354238368415744,20,,,,,,,,87,2,1204,9.05,,,,VIDEO
"You’ll never need a robot to answer the phones once you’ve got PharmAppy.

So we got one to interview them instead.

Luka got chatting to @Rhys and @Josh at TitanUp and surprised them with how well it already knew what they do.

The response Josh gave at the end was, to say the least, very blunt.

But very true. 👇

@PharmAppy

#PharmAppy #Titanverse #CommunityPharmacy #PharmacyServices",2026-06-11 13:27,https://www.linkedin.com/feed/update/urn:li:ugcPost:7470814058817101824,20,,,,,,,1,86,5,1340,8.36,,,,VIDEO
"The first Titan PMR pharmacy in Northern Ireland. Three years in, @Eoghan tells us how it's really going. 👇

Not a short journey over from Belfast either, so it genuinely means a lot you made the trip to be with us, Eoghan. Great to have you in the room 💚

#pharmacy #communitypharmacy #pharmacyservices #PMR #Titanverse",2026-06-12 07:00,https://www.linkedin.com/feed/update/urn:li:ugcPost:7471078949666697216,21,,,,,,,3,65,4,804,11.57,,,,VIDEO
"A week on from TitanUp 26, and the energy has not gone anywhere.

Usually, a week is long enough for an event to go quiet.

This one hasn’t.

People are still talking about it. Not just the venue, the talks, or the day itself.

The shift underneath it.

Around 350 pharmacy owners came to Birmingham with different businesses, different setups, and one question sitting under it all:

How do you grow when the dispensing model keeps asking for more and handing back less?

What came off the stage was not “work harder”.

It was clearer than that.

✅ Move from items to services, on purpose.
✅ Let the system carry more of the checking, not the team.
✅ Protect the margin the NHS contract keeps eroding.
✅ Work differently, not just faster.

That was the thread running through the day.

Less chasing volume.

More building pharmacy businesses that can hold onto their margin, their time, and their people.

That is what our speakers spent the day making the case for.

Thank you to:

@Tariq Muhammad. @Wahid Muhammad. @Hooman Ghalamkari. @Jeff Shelley. @Rhys Lloyd. @Ghulam Haydar. @Michael Holden. @Victoria Steele. @Rahul Puri.

And to @Sajid Ramzan and @Zad Bhatti, who kept the whole day moving from the front.

A huge thank you as well to the exhibitors who filled the hall, brought the demos, and kept the conversations going between sessions:

@Allied Health Training. @Camascope. @Clear Clinics. @Cyber Seigen . @DemDx. @Drug Comparison. @EMT Healthcare. @EPOSRX.com. @Healthcare Plus Consulting. @Healthpoint TV. @IPCN - Independent Pharmacy Contractors Network. @KP Pharma UK. @Meditech UK & I. MH Associates. Perfume Shark. @PharmAppy. @Pharmdel / AppandTap. @preregshortcuts. @Skills4Pharmacy. @The Sublime Group.

A week later and it still holds up. Thank you to everyone who made the trip and made it what it was. 💙

Same energy next year.",2026-06-14 11:00,https://www.linkedin.com/feed/update/urn:li:ugcPost:7471185595210383360,46,,,,,,,5,1313,8,2219,61.83,,,,MULTIIMAGE
"What changes when independent pharmacy owners stop seeing the pharmacy next door as the competition?

That was the question @Tariq opened TitanUp 26 with.

And it set the tone for the whole day. 👇

#TitanUp26 #TitanPMR #CommunityPharmacy",2026-06-15 12:30,https://www.linkedin.com/feed/update/urn:li:ugcPost:7472245482329710592,46,,,,,,,2,206,5,1615,16.04,,,,VIDEO
"Right now there’s a huge conversation happening about AI in pharmacy.

Which is why it matters that Wahid Muhammad, our CTO, said this.

“We don’t use AI. We build AI. There’s a big difference.”

When AI supports prescription checking, that difference matters. The model. The checks. The safeguards. The clinical thinking behind it.

“AI-powered” is not enough. You need to know how it works. 👇

@Wahid Muhammad, CTO of Titan PMR

#TitanPMR #PharmacyAI #CommunityPharmacy",2026-06-16 11:00,https://www.linkedin.com/feed/update/urn:li:ugcPost:7472576113102438402,11,,,,,,,,237,2,371,67.39,,,,DOCUMENT
"What pharmacy owner gets six weeks off?

Apparently @Akshay Patel does.

He runs multiple pharmacies, and a stretch like that used to be unheard of.

A week here. Ten days there. Two weeks if he was lucky.

Now he can go for six weeks, and the business runs without him standing in the dispensary.

That is the part worth paying attention to.

Profit matters. Every business runs on it.

But getting the owner out of the back, away from labelling boxes, and back in control of their time is the bit that really lands.

Plenty of people build businesses that run without them.

Why not pharmacy owners? 👇

#PharmacyOwner #CommunityPharmacy #IndependentPharmacy #PharmacyBusiness #PharmacyLife #Pharmacist #PharmacyTikTok",2026-06-17 07:45,https://www.linkedin.com/feed/update/urn:li:ugcPost:7472902237665513473,14,,,,,,,5,89,2,1048,10.5,,,,VIDEO
"One night in pharmacy you don't want to miss. 24 June.

👉 Register: https://bit.ly/4vzo2ER",2026-06-18 07:00,https://www.linkedin.com/feed/update/urn:li:ugcPost:7473253306178576384,17,,,,,,,7,77,6,697,15.35,,,,VIDEO
"At Balance Pharmacy, work that used to run until 5 or 6pm is now getting done by around 1pm.

On Wednesday 24 June, you can see how.

Titan PMR and @BD Rowa are hosting an Innovation Night at Balance Street Pharmacy in Uttoxeter, where @Pritpal from Balance Pharmacy will show pharmacy owners how the integration works in practice.

A chance to see partnership in action.

📅 Wednesday 24 June
🕡 6:30pm to 9:00pm
📍 Balance Street Pharmacy, Uttoxeter

Register here: bit.ly/4aT2CKb",2026-06-19 13:05,https://www.linkedin.com/feed/update/urn:li:ugcPost:7473707570835169280,10,,,,,,,,56,4,660,10.61,,,,VIDEO
"The service is what they book. 

The experience is what they remember 👀",2026-06-19 11:54,https://www.linkedin.com/feed/update/urn:li:share:7473689661752774656,6,,,,,,,1,5,,317,3.79,,,,TEXT
"A pharmacy robotics company met a real-life humanoid robot. Here’s what happened when @Meditech UK & I, @Cyrus talked robots, pharmacy teams and the future of dispensing. 

#TitanUp26 #PharmacyAutomation #CommunityPharmacy #Meditech #TitanPMR",2026-06-22 12:30,https://www.linkedin.com/feed/update/urn:li:ugcPost:7474748117884669952,15,,,,,,,1,64,4,744,11.29,,,,VIDEO
"What’s the first thing you notice when you change PMR providers?

For @Khal Khaliq, owner of the four-site Lansdales group, it was not one feature.

Though there were plenty to choose from.

Site one of four is now live with Titan PMR.

Day one included:

✅ Batch flow
✅ Repeat flow
✅ Stock control
✅ CD register
✅ Intervention log
✅ @TITANVERSE set up alongside the dispensary
✅ Medpoint tested live, with prescriptions flowing into a 24/7 collection box
🧠 Titan AI 

For @Khal, the answer was simpler.

“It’s the visibility. And the lack of paper.”

One site live. Three to go.

#TitanPMR #CommunityPharmacy #IndependentPharmacy",2026-06-23 07:00,https://www.linkedin.com/feed/update/urn:li:ugcPost:7474918922887176192,69,,,,,,,7,2796,3,3988,72.09,,,,MULTIIMAGE
"Running seven pharmacies could keep anyone stuck in the dispensary. Here's how @Steffan John stays with patients and runs a more profitable pharmacy business. 👇 

#CommunityPharmacy #IndependentPharmacy #PharmacyBusiness #PrivateServices #TitanPMR",2026-06-24 07:00,https://www.linkedin.com/feed/update/urn:li:ugcPost:7475262392143233024,12,,,,,,,,46,4,902,6.87,,,,VIDEO
"Trying to build a more sustainable pharmacy business under squeezed NHS margins? @Tariq Muhammad says it starts with being honest about the word the sector still struggles to say: bit.ly/4etsQFv 

#CommunityPharmacy #IndependentPharmacy #PharmacyBusiness #TitanUp26",2026-06-25 07:00,https://www.linkedin.com/feed/update/urn:li:ugcPost:7475640209452273665,22,,,,,,,5,131,5,1478,11.03,,,,VIDEO
"This pharmacy dispenses 21,000 items a month.

The picking column is empty. So is the checking column.

Here's what's different about their dispensary:

Balance Street Pharmacy in Uttoxeter runs a @BD Rowa robot integrated directly with Titan PMR.

✅ The robot picks.
✅ Titan AI checks.
✅ Titan tracks.
✅ The pharmacist is in the consultation room, not at the bench.

We went in this week to see it running live. Real patients, real prescriptions.

What we found:

The picking column was completely empty.
The checking column was completely empty.
The dispensary was calm.

Visitors couldn't believe it. @Pritpal, the owner, put it simply.

""That's all because of the technology.""

What the staff had to say:

The work breaks up. Picking. Labelling. Packaging. You're not locked to one job for hours. You jump between tasks instead of being stuck at one station.

The CD register lands on the screen the moment it's handed out. Double-check built in. Add supply, done. Paperless.

A robot without the right PMR is just storage. With Titan, it's a dispensary that runs itself.

#TitanPMR #CommunityPharmacy #IndependentPharmacy #PharmacyAutomation",2026-06-26 11:06,https://www.linkedin.com/feed/update/urn:li:ugcPost:7476214183131381760,57,,,,,,,,2055,6,3203,66.13,,,,MULTIIMAGE
"There is one word pharmacy still treats like it does not belong beside patient care. Watch the full talk as @Tariq explains why the sector needs to say it out loud: bit.ly/4etsQFv

And his argument is not that pharmacy should care less.

It is that care needs a business model underneath it.

#CommunityPharmacy #IndependentPharmacy #PharmacyBusiness #TitanPMR",2026-06-28 08:00,https://www.linkedin.com/feed/update/urn:li:ugcPost:7476892277865553920,22,,,,,,,2,194,1,2039,10.74,,,,VIDEO
"If you're building the next version of your pharmacy, 

come and see one already taking shape.

On Friday 24 July, @Jaya Sai Vamsi Reddy Authunuri and Marton Road Pharmacy in Bridlington are opening their doors for Innovation Day.

Not in a demo room, but in a real working dispensary.

A huge thank you to Jaya for hosting the day at his pharmacy. Marton Road Pharmacy is exactly the kind of setting where this conversation should happen, because it shows what happens when pharmacy automation, PMR workflow, patient-facing tools, clinical tech and business efficiency start working together in practice.

This is the part pharmacy owners need to see for themselves.

Not just the technology.
The setup.
The flow.
The way the pharmacy runs when the right systems are pulling in the same direction.

Following the introduction of a dispensing robot and Titan PMR, Marton Road Pharmacy has been building a more connected way to work: faster dispensing, better flow, shorter queues and more time for patient-facing services.

And with PharmAppy as part of the wider Titan ecosystem, the story extends beyond the dispensary into how patients discover, access and engage with pharmacy services too.

Titan PMR will be there alongside @PharmAppy, @Pharmsmart, @Avonnex- Pharmacy Automation, @Pharmacy Mentor™  and @Allied Health Training.

📅 Friday 24 July 10am to 6pm Ribbon cutting at 10:30am Marton Road Pharmacy, 151 Marton Road, Bridlington, YO16 7DJ

Register your interest here: bit.ly/4eDcxol

#CommunityPharmacy #IndependentPharmacy #PharmacyAutomation #PharmacyTechnology #TitanPMR #PharmAppy",2026-06-30 06:00,https://www.linkedin.com/feed/update/urn:li:share:7477586840045285376,28,,,,,,,7,51,14,1389,7.2,,,,IMAGE
"Owners need to think differently about how their businesses run.

Dispensing volume is no longer enough on its own, especially with funding pressure, government changes and more services moving into community pharmacy.

Geoff Thomas is a good example of what that next stage looks like.

When we last spoke to Geoff, his two pharmacies in Newport, South Wales had grown from 2,500 items a month to 40,000.

But what stood out was not just the volume.

It was what he was building around it.

✅ Three consultation rooms already in use
✅ Two more planned at Malpas
✅ Clinics expanding into flu, smoking cessation and contraception
✅ A clear focus on freeing up pharmacists to spend more time with patients

At TitanUp 26, Geoff saw what is coming next across Titan PMR and Titanverse.

For someone already pushing hard on services, the reaction says a lot.

Because once a pharmacy has built the volume, the next challenge is building the model around it.

That is where the next stage of pharmacy begins.

#TitanPMR #Titanverse #TitanUp26 #CommunityPharmacy #IndependentPharmacy #PharmacyBusiness #ClinicalServices
",2026-07-01 11:00,https://www.linkedin.com/feed/update/urn:li:ugcPost:7478024675277762560,12,,,,,,,,35,2,796,6.16,,,,VIDEO
"Next week, Titan will be at @ProPharmace's Future Pharmacists Conference at Central Hall, Westminster.

1,200+ trainee pharmacists in one room, all preparing to take their next step into the profession.

At 3pm, @Tariq Muhammad, CEO of Titan, will be on stage sharing a different perspective.

Not about the tech.
Not about the Titan product.

But about how new pharmacists and independent prescribers can take control of their careers, beyond what might currently feel out of reach.

Nas and Maj will also be there on the day, showing Titan PMR and @TITANVERSE in action.

If you are a new pharmacist or IP attending, come and say hello.

If you know someone who is going, share this with them.

#FuturePharmacist #CommunityPharmacy #IndependentPharmacy #IndependentPrescriber #TitanPMR #Titanverse",2026-07-02 08:00,https://www.linkedin.com/feed/update/urn:li:share:7478341783790448640,13,,,,,,,,18,7,682,5.57,,,,IMAGE
"A CD register should not become another admin job.

That is what matters about Titan CD Register.

It is not a separate bolt-on sitting outside the workflow. It is built into the same process the team is already using when a controlled drug is handed out.

Sukhi has been using it in the pharmacy, and the difference was immediate.

“It’s saved me so much time already.”

The workflow is simple enough that his locums were using it within 5 to 10 minutes.

And because it sits inside Titan, the details move with the process.

✅ Barcode scanning pulls through the batch number and expiry date
✅ eDoH on handout captures the patient details
✅ The information goes straight into Titan CD Register
✅ The CD balance stays more accurate
✅ The team avoids entering the same information twice

That is the real time saving.

Not asking the team to learn another system.

Not adding another admin layer.

Not moving the same information from one place to another.

Just removing steps from a job every pharmacy has to get right.

When Sukhi was asked what he would say to any pharmacy that has not downloaded Titan CD Register yet, his answer was simple:

“Why haven’t you?”

His point was clear.

Every pharmacy is trying to find more time in the day.

More time for services.
More time for clinical checks.
More time to work on the business.
More time away from simply getting prescriptions checked and cleared.

That is where Titan CD Register fits.

Not as another thing to manage.

As part of the workflow that gives time back.

#TitanPMR #TitanCDRegister #CommunityPharmacy #IndependentPharmacy #ControlledDrugs #PharmacyWorkflow
",2026-07-03 11:32,https://www.linkedin.com/feed/update/urn:li:ugcPost:7478757523815047168,13,,,,,,,2,60,2,772,9.97,,,,VIDEO
"Today, 7 in 10 prescriptions clear a clinical check without a pharmacist ever touching them. Soon it'll be...

9 in 10.

Titan AI was already doing real work before this. The models were good. But they weren't agentic, and that is the change.

Level 5 is a different build: many specialist models running in sequence, each handling a specific part of the check. Built and trained in-house, run on Titan's own infrastructure, checked against the BNF and against real community pharmacy data. Not a chatbot bolted onto a dispensary.

That leap took real investment. An AI team rebuilt around a professor of AI, a clinical team training the models through tens of thousands of prescriptions, and the legal work to align with how the MHRA classifies a medical device.

Level 5 frees the pharmacist from the routine majority, so their time goes to the patient in front of them, where it counts.

If your pharmacist got most of their checking time back tomorrow, what would you put it towards? 👇

@Wahid Muhammad 

#CommunityPharmacy #TitanPMR #PharmacyTechnology #AIinPharmacy #PharmacyInnovation #TitanUp26",2026-07-06 11:28,https://www.linkedin.com/feed/update/urn:li:share:7479843608846622720,10,,,,,,,,12,1,217,10.6,,,,IMAGE
"Last Friday, Dudley Town Pharmacy went live on Titan.

Their owner said himself that he was apprehensive about switching.

By day three?

No regrets.

Here’s where he landed after seeing the training, the technology and the support in action. 👇

#TitanPMR #CommunityPharmacy #IndependentPharmacy #PharmacyOwner
",2026-07-07 07:31,https://www.linkedin.com/feed/update/urn:li:ugcPost:7480146468750745600,12,,,,,,,1,27,4,64,68.75,,,,VIDEO
"Up early. Stand ready. Team on the floor.

Titan is at Central Hall Westminster today for the ProPharmace Future Pharmacist Conference.

Nas and Maj are on the stand all day, meeting the next generation of pharmacists and showing where pharmacy tech is heading.

If you’re in the room, come and say hello.

There’s nothing better than real conversations with the people shaping the future of pharmacy.

Come find @Nas and @Maj on the Titan stand.

See you there. 👇

#FuturePharmacist #FPC2026 #CommunityPharmacy #TitanPMR #Titanverse",2026-07-08 09:11,https://www.linkedin.com/feed/update/urn:li:ugcPost:7480534001984745473,29,,,,,,,,373,5,307,132.57,,,,MULTIIMAGE
"There is a side of pharmacy most future pharmacists are not taught early enough.

Today, 1,200+ future pharmacists are walking into @Central Hall Westminster ready for the clinical world ahead of them.

But business?
Ownership?
Building something of their own?

For many, that part of pharmacy may still feel like something other people do.

That is exactly why @Tariq Muhammad’s session matters.

Not a product pitch.
Not a software demo.

A straight conversation about the part of pharmacy that often gets left until much later.

Purpose.
Problems.
People.
Product.
Possibility.

The 5Ps behind building something that actually lasts.

Because this next generation is entering a very different profession.

They will qualify into a world of independent prescribing, clinical services, automation, margin pressure and new expectations from patients.

So the message matters:

You do not have to wait ten years before you start thinking like an owner.

Tariq Muhammad is on stage at 3pm.

@Nas Khaliq and @Maj Khaliq are on the Titan stand throughout the day, showing how Titan PMR and Titanverse fit into the future of community pharmacy.

Come and say hello.👇

@ProPharmace  

#FuturePharmacist #CommunityPharmacy #IndependentPharmacy #IndependentPrescriber #TitanPMR #Titanverse",2026-07-08 07:00,https://www.linkedin.com/feed/update/urn:li:share:7480500938638635009,25,,,,,,,2,67,5,338,29.29,,,,IMAGE
"Yesterday’s inaugural Future Pharmacist Conference was fire.

And not just because @Central Hall Westminster was boiling. 😂🥵

It was the reaction in the room.

A room full of future pharmacists, many of them waiting on their registration results, walked into that day with real energy about what community pharmacy is becoming.

And it showed.

Every time there was a break in the programme, the Titan stand was rammed.

The question that kept coming up was simple:

“The PMR my pharmacy runs on looks really old. Why is Titan different?”

Fair question.

Titan was the first PMR to go paperless.
The first to introduce barcode scanning.
The first to introduce AI to move the pharmacist away from the bench.

But the bigger point is this:

A pharmacist’s time is not best spent stuck behind outdated systems.

It is best spent on clinical care, patient conversations and building the kind of pharmacy business that can actually thrive.

“Did you see Titan?

Yeah. Titan’s sick, man.”

Overheard on the floor from future pharmacists walking past the stand with the tote bag on their shoulder.

That says more than we ever could.

Big thanks to @Nas and @Maj for holding the stand from open to close.

Always great to catch up with @DemDx, @Allied Health Training and @Pharmacy Business.

And a big thank you to @ProPharmace for putting the day together. It worked out brilliantly.

Class of 2026, we’ve got you.

#FuturePharmacist #FPC2026 #CommunityPharmacy #TitanPMR #Titanverse",2026-07-09 09:20,https://www.linkedin.com/feed/update/urn:li:ugcPost:7480898743639408640,20,,,,,,,,886,7,551,165.7,,,,MULTIIMAGE
"Modern community pharmacy isn't about one thing. 

It's about how everything works together. 

On Friday 24 July, @Jaya opens the doors of Marton Road Pharmacy so you can see automation, training, patient apps and services all pulling in the same direction.

Titan PMR · @Avonnex- Pharmacy Automation · @PharmAppy · @Pharmsmart · @Allied Health Training · @Pharmacy Mentor™

RSVP: bit.ly/4blykjB",2026-07-10 13:00,https://www.linkedin.com/feed/update/urn:li:ugcPost:7481316444316520449,49,,,,,,,8,201,9,2824,9.45,,,,VIDEO
"The best sign a training session has landed?

The questions.

We wrapped up another remote training session with the team at Whitehill Pharmacy, part of the Lansdales group.

They weren’t just following along. They were asking the right questions, testing workflows and thinking about how Titan fits into the way they work.

That’s what good training looks like.

Not getting through a checklist.

Giving pharmacy teams the confidence to use the system properly from day one.

Another great session delivered by @Nas. 👏

#TitanPMR #CommunityPharmacy #PharmacyTraining",2026-07-14 08:30,https://www.linkedin.com/feed/update/urn:li:share:7482697984389087233,25,,,,,,,,16,3,1761,2.5,,,,IMAGE
"This is the moment trainee pharmacists realise the awkward realities of pharmacy do not have to become awkward workflows.

At the Future Pharmacist Conference last week, @Maj was walking a group through how Titan handles the messy stuff.

✅ Patient changes their mind at the till
✅ Wrong exemption gets selected
✅ Claim already submitted

The NHS Spine rules are the same for every PMR. What changes is how clearly the software helps the team deal with what happens next.

Same NHS Spine. Different design choices.

Book a demo → bit.ly/4w66NLv

#TitanPMR #CommunityPharmacy #PharmacyTechnology",2026-07-15 07:07,https://www.linkedin.com/feed/update/urn:li:ugcPost:7483039477532127232,7,,,,,,,,1,2,190,5.26,,,,VIDEO
"If you've ever wondered whether your PMR and your robot are actually working together, or whether you'd have made different choices with hindsight, Friday 24 July is worth putting in the diary.

Marton Road Pharmacy is opening its doors so you can see one setup running live.

Titan PMR working alongside @Avonnex- Pharmacy Automation and their SINTESI robot.

@Jaya is hosting Innovation Day at Marton Road and inviting owners in to see the setup up close. 

✅A stress-free dispensary.
✅More efficiencies. 
✅More safety. 
✅Time back for the pharmacist team to spend with the community.

Innovation Day is the chance to see whether that vision has been met.

Live demonstrations from 10am. Come, ask, draw your own conclusions.

RSVP: bit.ly/3TDec6r

📍 Marton Road Pharmacy, Bridlington
📅 Friday 24 July

@Sajid Ramzan 

#TitanPMR #InnovationDay #CommunityPharmacy #PharmacyAutomation #MartonRoadPharmacy",2026-07-16 07:00,https://www.linkedin.com/feed/update/urn:li:ugcPost:7483400161969217537,26,,,,,,,3,35,9,1395,5.23,,,,VIDEO
"@Community Pharmacy Hertfordshire's evolve 2026 evening at the Fielder Centre in Hatfield last night.

Panels on the December supervision deadline, the Autumn IP rollout, and the 2026/27 contract.

@Nas and @Maj Khaliq were on the Titan stand, positioned right next to one of our amazing automation integration partners, @Meditech UK & I.

Always a proper catch-up with the network we don't get to see nearly enough.

Big thanks to Community Pharmacy Hertfordshire for putting on such an informative evening for members. And to Nas and Maj for holding it down.
💙
#CPH26 #CommunityPharmacy #TitanPMR",2026-07-17 13:36,https://www.linkedin.com/feed/update/urn:li:ugcPost:7483862306481713152,10,,,,,,,1,79,4,965,9.74,,,,MULTIIMAGE
"Speaking at @ProPharmace’s Future Pharmacist Conference, Titan CEO @Tariq Muhammad reflected on where his own journey began and challenged 1,200 trainee pharmacists to think differently about where theirs could lead.

Why would a pharmacist go into business? You’re clinical, right?

Drawing on more than 30 years of experience, Tariq shares five lessons for turning an idea into something that could change far more than your own career: bit.ly/4w98RSO

#Pharmacy #CommunityPharmacy #Pharmacist #HealthcareInnovation #PharmacyLeadership",2026-07-20 07:00,https://www.linkedin.com/feed/update/urn:li:share:7484849660763758592,13,,,,,,,,9,5,913,2.96,,,,IMAGE
"Hub and spoke is becoming really topical in pharmacy. And a lot of independent pharmacy owners are weighing up which one is right for them.

Titan customers have four options:

✅ Wholesaler-run hub
✅ Third-party hub company with their own software
✅ Your own hub with specialist software
✅ Titan's own hub-and-spoke software (peer-to-peer)

Titan PMR COO @Hooman explains why. Premium multi-site customers get Titan's hub-and-spoke included in the package. The external three plug into Titan via the Labelling and Packaging API.

The operating-model decision stays where it should. With you.

Book a demo. Link in the comments.

#CommunityPharmacy #IndependentPharmacy #PharmacyBusiness #HubAndSpoke #TitanPMR",2026-07-21 06:02,https://www.linkedin.com/feed/update/urn:li:ugcPost:7485197390065610752,22,,,,,,,1,16,4,943,4.56,,,,VIDEO
"Other PMRs are catching up. But what's next?

There's still gaps in pharmacy. Not just the dispensary. The business side too.

@Sunil is one of the owners already ahead. His pharmacy is geared towards the future, with private services a massive part of it.

He caught up with Nas at TitanUp 26 after he'd seen what's coming to Titan next.

""The package would be complete with some of these additions.""

Titan frees pharmacies from the dispensing and the business overhead. So owners like Sunil can focus on what pharmacy is actually for. Care.

Sunil is already there. Titan is part of how. 💙

#CommunityPharmacy #IndependentPharmacy #PrivateServices #TitanPMR #Titanverse",2026-07-22 07:00,https://www.linkedin.com/feed/update/urn:li:ugcPost:7485574403695706112,18,,,,,,,2,90,5,1405,8.19,,,,VIDEO
"Tomorrow at Marton Road Pharmacy in Bridlington, @Jaya opens his doors for Innovation Day.

Six of the companies that quietly power a modern community pharmacy will be in the room together. One patient journey, from before they walk in to after they leave.

Swipe through to see who's coming.

Alongside us tomorrow: @Pharmacy Mentor™, @PharmAppy, @Avonnex- Pharmacy Automation, @Pharmsmart and @Allied Health Training.

See you at Marton Road tomorrow. Excited for it. 💙

#CommunityPharmacy #IndependentPharmacy #PharmacyBusiness #PharmacyTechnology #TitanPMR",2026-07-23 07:00,https://www.linkedin.com/feed/update/urn:li:ugcPost:7485936771860455425,12,,,,,,,3,420,1,776,56.19,,,,DOCUMENT
"The mundane tasks of dispensing are gone.

That’s Marton Road Pharmacy this week.

@Jaya went all in. 

Titan PMR. Hub and spoke. @TITANVERSE . @PharmAppy. @Avonnex- Pharmacy Automation. 
And a set of partners collaborating around one objective:

Be more community focused.

No bench swallowing the day.

No team stuck in the process.

No dispensing standing between the pharmacy and its patients.

As @Sajid Ramzan, Titan’s CFO, put it on site:
“We automated, we’ve innovated, and now we’re looking after the community. And that’s what it’s all about.”

👇 What would your team do with the dispensing hours back?

#TitanPMR #CommunityPharmacy #PharmacyAutomation #DigitalPharmacy",2026-07-24 09:54,https://www.linkedin.com/feed/update/urn:li:ugcPost:7486343077268287488,33,,,,,,,,411,6,1566,28.74,,,,MULTIIMAGE
"Building a great pharmacy is never a one-person job.

Spend five minutes at Marton Road and you quickly realise how many people have helped bring @Jaya’s vision to life.

On Friday, Marton Road officially became powered by Titan. 🚀

But this story is bigger than one company.

It’s about what happens when the right partners pull in the same direction.

💙 Titan PMR
🤖 @Avonnex- Pharmacy Automation  
📱 @PharmAppy  

Different specialisms. One ambition. Helping independent pharmacies spend less time fighting systems and more time caring for patients.

Congratulations to Jaya and everyone who helped make it happen. 👏

We’re proud to be part of what Marton Road is building.

#CommunityPharmacy #IndependentPharmacy #PharmacyAutomation #DigitalHealth #PatientCare",2026-07-27 05:00,https://www.linkedin.com/feed/update/urn:li:ugcPost:7487356196207636480,22,,,,,,,5,141,3,2258,7.57,,,,VIDEO
"The future of community pharmacy won’t be built by one company.

It will be built by partners who believe the best technology should work as one.

Titan PMR.

@Avonnex- Pharmacy Automation .

@PharmAppy 

@TITANVERSE  

@Allied Health Training  

@Pharmacy Mentor™  

Different companies. Shared purpose.

Helping pharmacy teams work more efficiently, reduce unnecessary friction and create more time for patient care.

Because great partnerships don’t create better products.

They create better outcomes.

Congratulations to @Jaya Sai Vamsi Reddy Authunuri @Aswini Reddy and the Marton Road team. We’re proud to be building alongside you. 💙🤖

#CommunityPharmacy #PharmacyAutomation #PharmacyTechnology #IndependentPharmacy #FutureOfPharmacy",2026-07-28 05:00,https://www.linkedin.com/feed/update/urn:li:ugcPost:7487718612439441408,24,,,,,,,3,271,9,1181,25.99,,,,MULTIIMAGE
"The best supplier isn’t the one that promises nothing will go wrong.

It’s the one you still trust when it does.

Four years into our partnership with @Avonnex- Pharmacy Automation, that belief has only become stronger.

Because pharmacy isn’t built on perfect days.

It’s built on how people respond when the difficult ones arrive.

As @Amrik says, “The solution is not blame.”

Choose the partner, not just the product. 🤝💙🤖

#CommunityPharmacy #PharmacyAutomation #PharmacyTechnology #IndependentPharmacy #PatientCare",2026-07-29 05:00,https://www.linkedin.com/feed/update/urn:li:ugcPost:7488081026745905153,8,,,,,,,1,32,5,473,9.73,,,,VIDEO
"You never regret making the right decision. 

Only waiting to make it.

Thanks to Mohammad for taking the time to share your experience with us. 💙

#CommunityPharmacy #TitanPMR #PharmacyTechnology #IndependentPharmacy #Titanverse",2026-07-30 05:00,https://www.linkedin.com/feed/update/urn:li:ugcPost:7488443398501351424,11,,,,,,,,12,1,329,7.29,,,,VIDEO
"What Boots is doing right now says a lot about the future of independent pharmacy 👀

#CommunityPharmacy #IndependentPharmacy #PharmacyBusiness #PharmacyNews #TitanPMR

",2026-07-31 05:00,https://www.linkedin.com/feed/update/urn:li:ugcPost:7488805774874558464,23,,,,,,,,149,2,1533,11.35,,,,VIDEO
